id;pos_x;pos_y;pos_z;degree;isAtSampleBorder
0;-138;-39;0;1;1
1;-163;-47;0;1;1
2;-243;-61;0;1;1
3;-140;-63;0;1;1
4;-58;-67;0;1;1
5;-160;-69;0;1;1
6;-122;-70;0;1;1
7;-60;-98;0;1;1
8;-183;-118;0;1;1
9;-299;-136;0;1;1
10;-83;-155;0;1;1
11;-218;-159;0;1;1
12;-186;-174;0;1;1
13;-122;-177;0;1;1
14;-239;-193;0;1;1
15;-60;-198;0;1;1
16;-245;-224;0;1;1
17;-296;-245;0;1;1
18;-30;-282;0;1;1
19;-169;-30;4;1;0
20;-310;-44;4;1;0
21;-314;-79;4;1;0
22;-280;-94;4;1;0
23;-251;-196;4;1;0
24;-167;-203;4;1;0
25;-191;-204;4;1;0
26;-186;-29;5;1;0
27;-11;-118;5;1;0
28;-47;-169;5;1;0
29;-198;-187;5;1;0
30;-7;-226;5;1;0
31;-202;-257;5;1;0
32;-206;-279;5;1;0
33;-78;-292;5;1;0
34;-14;-39;6;1;0
35;-89;-159;6;1;0
36;-58;-170;6;1;0
37;-43;-272;6;1;0
38;-47;-35;7;1;0
39;-173;-91;7;1;0
40;-264;-91;7;1;0
41;-10;-92;7;1;0
42;-152;-156;7;1;0
43;-199;-158;7;1;0
44;-310;-173;7;1;0
45;-125;-232;7;1;0
46;-128;-292;7;1;0
47;-217;-78;8;1;0
48;-201;-143;8;1;0
49;-107;-207;8;1;0
50;-203;-219;8;1;0
51;-167;-221;8;1;0
52;-225;-229;8;1;0
53;-112;-294;8;1;0
54;-197;-31;9;1;0
55;-249;-38;9;1;0
56;-252;-109;9;1;0
57;-150;-117;9;1;0
58;-66;-119;9;1;0
59;-137;-109;10;1;0
60;-241;-289;10;1;0
61;-266;-32;11;1;0
62;-135;-273;11;1;0
63;-14;-276;11;1;0
64;-64;-56;12;1;0
65;-101;-120;12;1;0
66;-145;-193;12;1;0
67;-27;-209;13;1;0
68;-266;-265;13;1;0
69;-209;-225;14;1;0
70;-19;-248;14;1;0
71;-158;-28;15;1;0
72;-48;-121;15;1;0
73;-163;-169;15;1;0
74;-92;-184;15;1;0
75;-262;-185;15;1;0
76;-249;-204;15;1;0
77;-185;-291;15;1;0
78;-172;-66;16;1;0
79;-14;-154;16;1;0
80;-185;-58;17;1;0
81;-124;-84;17;1;0
82;-92;-154;18;1;0
83;-173;-292;18;1;0
84;-246;-247;19;1;0
85;-312;-290;19;1;0
86;-109;-71;20;1;0
87;-312;-123;20;1;0
88;-40;-176;20;1;0
89;-6;-266;22;1;0
90;-314;-71;23;1;0
91;-11;-201;23;1;0
92;-94;-293;23;1;0
93;-68;-291;25;1;0
94;-177;-288;26;1;0
95;-17;-258;27;1;0
96;-314;-288;27;1;0
97;-12;-149;29;1;0
98;-27;-117;30;1;0
99;-312;-130;30;1;0
100;-211;-292;31;1;0
101;-293;-227;32;1;0
102;-9;-141;33;1;0
103;-181;-134;34;1;0
104;-289;-292;34;1;0
105;-33;-46;35;1;0
106;-229;-31;36;1;0
107;-315;-158;36;1;0
108;-94;-157;37;1;0
109;-216;-293;37;1;0
110;-63;-234;40;1;0
111;-20;-195;41;1;0
112;-123;-280;41;1;0
113;-25;-118;42;1;0
114;-310;-293;42;1;0
115;-310;-234;43;1;0
116;-301;-293;43;1;0
117;-315;-140;44;1;0
118;-138;-207;44;1;0
119;-202;-219;44;1;0
120;-198;-86;45;1;0
121;-105;-81;46;1;0
122;-138;-92;46;1;0
123;-178;-141;46;1;0
124;-111;-195;46;1;0
125;-186;-229;46;1;0
126;-120;-251;46;1;0
127;-76;-30;47;1;0
128;-70;-294;47;1;0
129;-6;-294;48;1;0
130;-56;-227;49;1;0
131;-307;-29;50;1;0
132;-120;-31;50;1;0
133;-100;-237;50;1;0
134;-261;-53;53;1;0
135;-25;-110;53;1;0
136;-274;-293;53;1;0
137;-143;-81;54;1;0
138;-73;-192;54;1;0
139;-24;-96;55;1;0
140;-8;-168;55;1;0
141;-124;-140;57;1;0
142;-13;-179;57;1;0
143;-8;-233;57;1;0
144;-141;-290;57;1;0
145;-23;-147;58;1;0
146;-312;-221;58;1;0
147;-254;-38;59;1;0
148;-61;-204;59;1;0
149;-76;-288;59;1;0
150;-169;-30;60;1;0
151;-206;-72;60;1;0
152;-11;-114;60;1;0
153;-58;-193;60;1;0
154;-33;-27;61;1;0
155;-310;-149;62;1;0
156;-271;-252;62;1;0
157;-171;-132;63;1;0
158;-106;-145;63;1;0
159;-60;-241;63;1;0
160;-122;-257;63;1;0
161;-8;-283;63;1;0
162;-33;-87;64;1;0
163;-46;-136;64;1;0
164;-271;-218;64;1;0
165;-32;-260;64;1;0
166;-229;-32;65;1;0
167;-163;-142;65;1;0
168;-65;-187;65;1;0
169;-265;-31;66;1;0
170;-62;-34;66;1;0
171;-314;-45;66;1;0
172;-243;-189;66;1;0
173;-128;-148;67;1;0
174;-310;-263;67;1;0
175;-247;-284;67;1;0
176;-315;-58;68;1;0
177;-314;-70;68;1;0
178;-223;-116;68;1;0
179;-8;-280;68;1;0
180;-157;-292;69;1;0
181;-91;-289;70;1;0
182;-31;-28;71;1;0
183;-78;-97;71;1;0
184;-264;-250;72;1;0
185;-315;-228;73;1;0
186;-8;-224;74;1;0
187;-234;-258;74;1;0
188;-76;-283;75;1;0
189;-107;-116;76;1;0
190;-310;-187;76;1;0
191;-182;-29;77;1;0
192;-72;-50;77;1;0
193;-314;-179;78;1;0
194;-274;-251;78;1;0
195;-7;-253;78;1;0
196;-228;-34;81;1;0
197;-195;-151;81;1;0
198;-58;-240;81;1;0
199;-202;-291;81;1;0
200;-309;-32;82;1;0
201;-44;-187;82;1;0
202;-117;-147;83;1;0
203;-214;-208;83;1;0
204;-246;-292;83;1;0
205;-314;-99;84;1;0
206;-315;-43;85;1;0
207;-297;-83;86;1;0
208;-306;-175;86;1;0
209;-127;-183;86;1;0
210;-152;-196;86;1;0
211;-24;-40;87;1;0
212;-288;-187;87;1;0
213;-315;-287;87;1;0
214;-253;-281;88;1;0
215;-301;-294;88;1;0
216;-295;-57;89;1;0
217;-213;-92;89;1;0
218;-158;-166;89;1;0
219;-312;-201;89;1;0
220;-208;-103;90;1;0
221;-209;-169;90;1;0
222;-283;-239;90;1;0
223;-239;-265;90;1;0
224;-178;-293;91;1;0
225;-242;-183;92;1;0
226;-205;-281;92;1;0
227;-120;-291;92;1;0
228;-113;-70;93;1;0
229;-311;-118;93;1;0
230;-298;-166;93;1;0
231;-222;-179;93;1;0
232;-97;-260;93;1;0
233;-258;-81;94;1;0
234;-211;-286;94;1;0
235;-252;-32;95;1;0
236;-312;-161;95;1;0
237;-70;-167;95;1;0
238;-116;-185;95;1;0
239;-197;-245;95;1;0
240;-141;-297;95;1;0
241;-235;-163;97;1;0
242;-9;-188;97;1;0
243;-10;-145;98;1;0
244;-205;-243;99;1;0
245;-29;-111;100;1;0
246;-47;-221;100;1;0
247;-199;-28;101;1;0
248;-118;-58;101;1;0
249;-71;-230;101;1;0
250;-12;-268;101;1;0
251;-146;-28;104;1;0
252;-128;-146;105;1;0
253;-312;-152;105;1;0
254;-187;-237;105;1;0
255;-81;-38;106;1;0
256;-209;-80;106;1;0
257;-148;-87;106;1;0
258;-139;-143;106;1;0
259;-84;-292;106;1;0
260;-50;-97;107;1;0
261;-46;-211;107;1;0
262;-310;-183;108;1;0
263;-8;-211;109;1;0
264;-166;-112;110;1;0
265;-282;-137;110;1;0
266;-126;-269;110;1;0
267;-141;-198;111;1;0
268;-313;-220;111;1;0
269;-229;-292;111;1;0
270;-268;-63;113;1;0
271;-150;-97;113;1;0
272;-71;-288;113;1;0
273;-9;-123;114;1;0
274;-22;-192;114;1;0
275;-223;-233;114;1;0
276;-7;-78;115;1;0
277;-182;-184;115;1;0
278;-77;-189;115;1;0
279;-155;-292;115;1;0
280;-312;-80;116;1;0
281;-64;-229;117;1;0
282;-153;-145;119;1;0
283;-96;-267;119;1;0
284;-92;-93;120;1;0
285;-8;-98;120;1;0
286;-78;-206;120;1;0
287;-153;-211;120;1;0
288;-9;-250;120;1;0
289;-194;-81;121;1;0
290;-184;-240;121;1;0
291;-198;-276;122;1;0
292;-175;-292;124;1;0
293;-233;-292;124;1;0
294;-251;-292;124;1;0
295;-47;-94;125;1;0
296;-65;-101;125;1;0
297;-314;-271;125;1;0
298;-164;-166;126;1;0
299;-311;-178;126;1;0
300;-240;-217;126;1;0
301;-54;-231;126;1;0
302;-300;-294;126;1;0
303;-78;-295;126;1;0
304;-242;-251;127;1;0
305;-164;-288;127;1;0
306;-27;-289;127;1;0
307;-163;-85;128;1;0
308;-112;-137;128;1;0
309;-9;-141;128;1;0
310;-180;-174;128;1;0
311;-267;-46;129;1;0
312;-105;-85;129;1;0
313;-204;-145;129;1;0
314;-36;-153;129;1;0
315;-50;-183;129;1;0
316;-271;-289;129;1;0
317;-16;-95;130;1;0
318;-78;-28;131;1;0
319;-161;-199;131;1;0
320;-29;-232;131;1;0
321;-307;-52;132;1;0
322;-258;-130;132;1;0
323;-50;-219;132;1;0
324;-314;-168;133;1;0
325;-183;-128;135;1;0
326;-299;-233;135;1;0
327;-119;-292;135;1;0
328;-223;-98;136;1;0
329;-208;-196;136;1;0
330;-232;-208;136;1;0
331;-141;-293;136;1;0
332;-43;-251;138;1;0
333;-309;-287;138;1;0
334;-265;-139;139;1;0
335;-206;-293;139;1;0
336;-85;-101;140;1;0
337;-54;-186;140;1;0
338;-49;-227;140;1;0
339;-239;-293;140;1;0
340;-235;-40;141;1;0
341;-142;-248;141;1;0
342;-63;-262;141;1;0
343;-163;-72;143;1;0
344;-230;-77;143;1;0
345;-310;-204;143;1;0
346;-163;-293;143;1;0
347;-266;-160;144;1;0
348;-284;-189;144;1;0
349;-6;-281;144;1;0
350;-310;-114;145;1;0
351;-140;-212;145;1;0
352;-8;-203;146;1;0
353;-262;-138;147;1;0
354;-83;-292;147;1;0
355;-14;-294;147;1;0
356;-298;-50;148;1;0
357;-10;-100;148;1;0
358;-225;-30;149;1;0
359;-102;-203;149;1;0
360;-314;-283;149;1;0
361;-277;-291;149;1;0
362;-69;-34;150;1;0
363;-312;-251;150;1;0
364;-191;-164;151;1;0
365;-314;-175;151;1;0
366;-151;-292;151;1;0
367;-129;-193;152;1;0
368;-313;-29;153;1;0
369;-12;-135;153;1;0
370;-81;-246;153;1;0
371;-174;-29;154;1;0
372;-114;-261;154;1;0
373;-93;-98;155;1;0
374;-63;-185;156;1;0
375;-119;-202;156;1;0
376;-26;-265;156;1;0
377;-16;-30;157;1;0
378;-93;-173;157;1;0
379;-185;-184;157;1;0
380;-53;-182;158;1;0
381;-127;-185;158;1;0
382;-26;-86;159;1;0
383;-232;-141;159;1;0
384;-314;-199;159;1;0
385;-79;-30;160;1;0
386;-91;-159;160;1;0
387;-8;-220;160;1;0
388;-216;-226;160;1;0
389;-11;-146;161;1;0
390;-185;-118;162;1;0
391;-41;-293;162;1;0
392;-231;-110;163;1;0
393;-185;-31;164;1;0
394;-238;-293;164;1;0
395;-149;-52;165;1;0
396;-314;-56;165;1;0
397;-87;-248;165;1;0
398;-184;-290;166;1;0
399;-137;-239;167;1;0
400;-76;-264;167;1;0
401;-10;-293;167;1;0
402;-312;-81;168;1;0
403;-313;-261;168;1;0
404;-242;-119;169;1;0
405;-95;-158;169;1;0
406;-238;-217;169;1;0
407;-78;-293;169;1;0
408;-256;-293;169;1;0
409;-158;-289;170;1;0
410;-310;-60;171;1;0
411;-14;-64;171;1;0
412;-161;-79;171;1;0
413;-199;-143;171;1;0
414;-265;-53;172;1;0
415;-142;-118;172;1;0
416;-315;-251;172;1;0
417;-128;-49;173;1;0
418;-87;-170;173;1;0
419;-7;-219;173;1;0
420;-81;-252;173;1;0
421;-174;-143;174;1;0
422;-289;-147;174;1;0
423;-68;-208;174;1;0
424;-270;-263;174;1;0
425;-141;-182;175;1;0
426;-198;-197;175;1;0
427;-196;-207;175;1;0
428;-207;-224;175;1;0
429;-171;-250;175;1;0
430;-19;-30;176;1;0
431;-181;-68;176;1;0
432;-8;-83;176;1;0
433;-312;-170;176;1;0
434;-57;-294;176;1;0
435;-122;-36;177;1;0
436;-252;-121;177;1;0
437;-184;-147;177;1;0
438;-97;-215;177;1;0
439;-83;-254;177;1;0
440;-8;-54;179;1;0
441;-133;-213;179;1;0
442;-50;-244;179;1;0
443;-113;-244;179;1;0
444;-178;-73;180;1;0
445;-313;-190;180;1;0
446;-132;-200;180;1;0
447;-315;-270;180;1;0
448;-245;-294;180;1;0
449;-313;-41;181;1;0
450;-314;-230;183;1;0
451;-211;-294;183;1;0
452;-83;-64;184;1;0
453;-175;-198;184;1;0
454;-90;-237;184;1;0
455;-251;-250;184;1;0
456;-292;-284;184;1;0
457;-174;-292;184;1;0
458;-114;-293;184;1;0
459;-7;-183;185;1;0
460;-271;-183;185;1;0
461;-232;-208;185;1;0
462;-246;-209;185;1;0
463;-13;-233;185;1;0
464;-8;-137;186;1;0
465;-313;-110;187;1;0
466;-197;-190;187;1;0
467;-197;-294;187;1;0
468;-9;-110;188;1;0
469;-19;-117;188;1;0
470;-79;-218;189;1;0
471;-223;-106;190;1;0
472;-162;-139;190;1;0
473;-312;-151;190;1;0
474;-178;-244;190;1;0
475;-298;-273;190;1;0
476;-78;-29;191;1;0
477;-315;-57;192;1;0
478;-106;-98;192;1;0
479;-11;-247;192;1;0
480;-96;-66;193;1;0
481;-163;-76;193;1;0
482;-215;-177;193;1;0
483;-314;-35;196;1;0
484;-213;-55;197;1;0
485;-157;-166;197;1;0
486;-190;-49;198;1;0
487;-79;-292;198;1;0
488;-122;-115;199;1;0
489;-266;-163;199;1;0
490;-276;-286;199;1;0
491;-230;-293;199;1;0
492;-8;-117;200;1;0
493;-35;-168;200;1;0
494;-108;-197;200;1;0
495;-89;-209;201;1;0
496;-213;-291;201;1;0
497;-44;-162;202;1;0
498;-197;-198;202;1;0
499;-8;-214;202;1;0
500;-7;-235;202;1;0
501;-137;-293;203;1;0
502;-55;-33;206;1;0
503;-116;-53;206;1;0
504;-132;-228;206;1;0
505;-10;-95;207;1;0
506;-190;-269;207;1;0
507;-278;-71;208;1;0
508;-76;-118;208;1;0
509;-314;-140;208;1;0
510;-115;-73;209;1;0
511;-7;-80;209;1;0
512;-84;-102;209;1;0
513;-255;-79;211;1;0
514;-214;-126;211;1;0
515;-226;-134;211;1;0
516;-104;-178;211;1;0
517;-157;-244;211;1;0
518;-261;-291;212;1;0
519;-285;-291;212;1;0
520;-313;-238;213;1;0
521;-235;-290;213;1;0
522;-63;-28;215;1;0
523;-131;-45;215;1;0
524;-44;-179;215;1;0
525;-245;-179;215;1;0
526;-309;-293;215;1;0
527;-7;-178;216;1;0
528;-90;-258;216;1;0
529;-70;-95;217;1;0
530;-263;-113;218;1;0
531;-285;-210;218;1;0
532;-25;-145;219;1;0
533;-141;-291;219;1;0
534;-247;-290;222;1;0
535;-176;-197;223;1;0
536;-135;-246;223;1;0
537;-309;-37;224;1;0
538;-207;-291;224;1;0
539;-38;-293;224;1;0
540;-112;-74;225;1;0
541;-311;-190;225;1;0
542;-273;-246;225;1;0
543;-82;-250;226;1;0
544;-265;-291;226;1;0
545;-226;-30;227;1;0
546;-48;-100;227;1;0
547;-109;-161;227;1;0
548;-313;-30;228;1;0
549;-125;-154;228;1;0
550;-228;-256;228;1;0
551;-12;-31;229;1;0
552;-102;-290;229;1;0
553;-272;-58;230;1;0
554;-177;-60;230;1;0
555;-235;-144;230;1;0
556;-310;-207;230;1;0
557;-78;-231;231;1;0
558;-70;-294;231;1;0
559;-243;-90;232;1;0
560;-195;-111;232;1;0
561;-221;-224;232;1;0
562;-251;-292;232;1;0
563;-8;-225;233;1;0
564;-9;-155;234;1;0
565;-70;-28;235;1;0
566;-104;-30;235;1;0
567;-315;-114;235;1;0
568;-76;-190;235;1;0
569;-121;-100;236;1;0
570;-266;-135;236;1;0
571;-48;-179;236;1;0
572;-186;-171;237;1;0
573;-252;-216;237;1;0
574;-210;-162;238;1;0
575;-235;-250;238;1;0
576;-7;-276;238;1;0
577;-181;-80;240;1;0
578;-139;-217;240;1;0
579;-314;-227;240;1;0
580;-250;-294;240;1;0
581;-142;-100;242;1;0
582;-13;-124;242;1;0
583;-239;-182;242;1;0
584;-91;-251;242;1;0
585;-152;-291;243;1;0
586;-174;-37;244;1;0
587;-34;-129;245;1;0
588;-9;-30;246;1;0
589;-90;-39;246;1;0
590;-315;-272;246;1;0
591;-119;-294;246;1;0
592;-313;-75;247;1;0
593;-206;-272;247;1;0
594;-315;-121;248;1;0
595;-315;-197;248;1;0
596;-313;-43;249;1;0
597;-251;-254;249;1;0
598;-91;-56;250;1;0
599;-71;-72;250;1;0
600;-60;-138;250;1;0
601;-149;-167;251;1;0
602;-214;-102;252;1;0
603;-105;-49;254;1;0
604;-71;-167;254;1;0
605;-291;-256;254;1;0
606;-49;-291;254;1;0
607;-215;-48;255;1;0
608;-313;-109;255;1;0
609;-91;-136;255;1;0
610;-306;-176;255;1;0
611;-62;-291;257;1;0
612;-296;-53;258;1;0
613;-160;-209;258;1;0
614;-306;-290;258;1;0
615;-151;-157;260;1;0
616;-284;-105;261;1;0
617;-89;-203;261;1;0
618;-233;-126;262;1;0
619;-125;-131;262;1;0
620;-116;-148;262;1;0
621;-314;-213;262;1;0
622;-108;-241;263;1;0
623;-137;-29;264;1;0
624;-30;-65;264;1;0
625;-229;-75;264;1;0
626;-54;-200;264;1;0
627;-20;-291;264;1;0
628;-270;-76;265;1;0
629;-7;-107;265;1;0
630;-11;-227;265;1;0
631;-175;-50;266;1;0
632;-224;-181;266;1;0
633;-290;-291;266;1;0
634;-151;-59;267;1;0
635;-7;-182;267;1;0
636;-310;-67;268;1;0
637;-184;-292;269;1;0
638;-83;-294;269;1;0
639;-169;-136;270;1;0
640;-140;-293;270;1;0
641;-141;-86;271;1;0
642;-312;-105;271;1;0
643;-312;-169;272;1;0
644;-66;-188;272;1;0
645;-287;-230;272;1;0
646;-62;-289;272;1;0
647;-184;-39;273;1;0
648;-12;-155;273;1;0
649;-15;-199;273;1;0
650;-127;-283;273;1;0
651;-235;-97;274;1;0
652;-98;-116;274;1;0
653;-268;-174;274;1;0
654;-98;-216;274;1;0
655;-310;-229;274;1;0
656;-308;-28;275;1;0
657;-62;-87;275;1;0
658;-58;-250;276;1;0
659;-168;-115;277;1;0
660;-83;-203;277;1;0
661;-265;-132;279;1;0
662;-279;-60;280;1;0
663;-282;-85;280;1;0
664;-231;-293;280;1;0
665;-315;-151;283;1;0
666;-173;-294;283;1;0
667;-65;-109;284;1;0
668;-129;-147;284;1;0
669;-46;-284;284;1;0
670;-203;-63;285;1;0
671;-114;-251;285;1;0
672;-279;-41;286;1;0
673;-14;-127;286;1;0
674;-221;-117;287;1;0
675;-140;-172;287;1;0
676;-29;-173;287;1;0
677;-76;-38;288;1;0
678;-312;-140;288;1;0
679;-311;-224;288;1;0
680;-279;-67;290;1;0
681;-11;-144;290;1;0
682;-312;-175;291;1;0
683;-13;-292;291;1;0
684;-228;-294;292;1;0
685;-108;-72;293;1;0
686;-298;-93;293;1;0
687;-25;-158;293;1;0
688;-10;-271;293;1;0
689;-50;-292;293;1;0
690;-221;-209;294;1;0
691;-193;-289;294;1;0
692;-50;-104;295;1;0
693;-261;-174;295;1;0
694;-9;-229;295;1;0
695;-218;-293;295;1;0
696;-249;-66;296;1;0
697;-27;-28;297;1;0
698;-281;-28;297;1;0
699;-85;-102;297;1;0
700;-46;-225;297;1;0
701;-260;-102;298;1;0
702;-192;-94;299;1;0
703;-220;-190;299;1;0
704;-38;-199;301;1;0
705;-109;-289;301;1;0
706;-8;-110;302;1;0
707;-224;-239;302;1;0
708;-235;-291;302;1;0
709;-10;-185;303;1;0
710;-260;-230;303;1;0
711;-273;-230;303;1;0
712;-204;-255;303;1;0
713;-313;-156;304;1;0
714;-312;-244;304;1;0
715;-182;-258;304;1;0
716;-97;-30;305;1;0
717;-308;-30;305;1;0
718;-65;-98;305;1;0
719;-45;-293;305;1;0
720;-207;-180;306;1;0
721;-165;-44;307;1;0
722;-185;-103;307;1;0
723;-99;-177;307;1;0
724;-106;-154;308;1;0
725;-116;-207;308;1;0
726;-91;-248;308;1;0
727;-73;-63;309;1;0
728;-315;-207;309;1;0
729;-41;-272;309;1;0
730;-81;-290;311;1;0
731;-97;-262;312;1;0
732;-136;-292;312;1;0
733;-315;-136;313;1;0
734;-261;-168;313;1;0
735;-183;-153;314;1;0
736;-57;-241;315;1;0
737;-100;-291;315;1;0
738;-137;-30;316;1;0
739;-313;-146;316;1;0
740;-15;-171;316;1;0
741;-66;-206;316;1;0
742;-143;-228;316;1;0
743;-124;-143;317;1;0
744;-197;-202;317;1;0
745;-199;-87;319;1;0
746;-29;-258;319;1;0
747;-305;-281;319;1;0
748;-7;-78;320;1;0
749;-138;-179;320;1;0
750;-160;-193;320;1;0
751;-227;-248;320;1;0
752;-181;-30;321;1;0
753;-173;-218;321;1;0
754;-251;-175;322;1;0
755;-315;-190;322;1;0
756;-42;-291;322;1;0
757;-6;-102;323;1;0
758;-38;-56;324;1;0
759;-71;-185;324;1;0
760;-120;-189;324;1;0
761;-154;-29;325;1;0
762;-20;-32;325;1;0
763;-92;-90;325;1;0
764;-6;-231;325;1;0
765;-221;-54;326;1;0
766;-314;-271;326;1;0
767;-111;-104;328;1;0
768;-206;-187;328;1;0
769;-175;-292;328;1;0
770;-88;-27;329;1;0
771;-14;-106;329;1;0
772;-156;-143;329;1;0
773;-108;-293;329;1;0
774;-84;-48;330;1;0
775;-187;-61;330;1;0
776;-13;-209;330;1;0
777;-41;-116;331;1;0
778;-298;-159;332;1;0
779;-312;-180;332;1;0
780;-189;-263;332;1;0
781;-232;-291;332;1;0
782;-42;-192;333;1;0
783;-259;-287;333;1;0
784;-166;-142;334;1;0
785;-139;-202;334;1;0
786;-71;-29;335;1;0
787;-311;-64;335;1;0
788;-10;-183;335;1;0
789;-41;-230;335;1;0
790;-306;-29;336;1;0
791;-192;-118;336;1;0
792;-29;-198;336;1;0
793;-85;-243;336;1;0
794;-9;-146;337;1;0
795;-314;-152;337;1;0
796;-58;-158;337;1;0
797;-58;-200;338;1;0
798;-256;-175;339;1;0
799;-31;-207;339;1;0
800;-268;-39;340;1;0
801;-138;-286;340;1;0
802;-96;-33;341;1;0
803;-203;-130;341;1;0
804;-201;-240;341;1;0
805;-54;-120;342;1;0
806;-52;-238;342;1;0
807;-7;-29;343;1;0
808;-147;-90;343;1;0
809;-312;-196;343;1;0
810;-158;-260;343;1;0
811;-139;-185;344;1;0
812;-71;-292;344;1;0
813;-216;-293;344;1;0
814;-149;-28;345;1;0
815;-192;-64;345;1;0
816;-232;-81;345;1;0
817;-311;-92;345;1;0
818;-87;-170;345;1;0
819;-139;-197;345;1;0
820;-249;-247;345;1;0
821;-42;-61;346;1;0
822;-263;-93;346;1;0
823;-263;-170;346;1;0
824;-105;-200;346;1;0
825;-314;-108;347;1;0
826;-13;-166;347;1;0
827;-150;-160;348;1;0
828;-89;-131;350;1;0
829;-54;-147;350;1;0
830;-314;-222;351;1;0
831;-244;-28;352;1;0
832;-268;-99;352;1;0
833;-111;-286;352;1;0
834;-263;-84;353;1;0
835;-201;-170;353;1;0
836;-64;-242;353;1;0
837;-158;-250;353;1;0
838;-123;-290;353;1;0
839;-312;-145;354;1;0
840;-231;-260;354;1;0
841;-236;-289;355;1;0
842;-238;-293;355;1;0
843;-161;-28;356;1;0
844;-147;-109;356;1;0
845;-184;-242;357;1;0
846;-238;-163;358;1;0
847;-314;-197;358;1;0
848;-294;-206;358;1;0
849;-89;-149;359;1;0
850;-12;-174;359;1;0
851;-90;-82;360;1;0
852;-170;-84;360;1;0
853;-141;-116;360;1;0
854;-229;-217;360;1;0
855;-277;-239;360;1;0
856;-313;-284;360;1;0
857;-305;-292;360;1;0
858;-13;-85;361;1;0
859;-219;-222;361;1;0
860;-170;-94;362;1;0
861;-84;-95;362;1;0
862;-314;-163;362;1;0
863;-311;-182;362;1;0
864;-142;-34;363;1;0
865;-69;-237;363;1;0
866;-93;-176;364;1;0
867;-39;-49;365;1;0
868;-162;-172;365;1;0
869;-147;-245;365;1;0
870;-170;-293;365;1;0
871;-219;-30;366;1;0
872;-9;-258;366;1;0
873;-231;-292;366;1;0
874;-26;-283;367;1;0
875;-315;-35;369;1;0
876;-7;-190;369;1;0
877;-53;-287;371;1;0
878;-186;-37;372;1;0
879;-122;-221;373;1;0
880;-67;-290;373;1;0
881;-149;-291;373;1;0
882;-256;-294;373;1;0
883;-9;-92;375;1;0
884;-222;-257;375;1;0
885;-31;-264;376;1;0
886;-175;-288;376;1;0
887;-309;-293;376;1;0
888;-275;-64;377;1;0
889;-68;-71;377;1;0
890;-252;-188;377;1;0
891;-178;-29;379;1;0
892;-118;-163;379;1;0
893;-311;-52;380;1;0
894;-66;-56;380;1;0
895;-56;-78;380;1;0
896;-16;-200;381;1;0
897;-22;-202;381;1;0
898;-40;-213;381;1;0
899;-268;-54;382;1;0
900;-128;-146;382;1;0
901;-139;-193;382;1;0
902;-8;-174;383;1;0
903;-65;-290;383;1;0
904;-13;-118;384;1;0
905;-93;-136;384;1;0
906;-215;-179;384;1;0
907;-312;-191;384;1;0
908;-157;-254;384;1;0
909;-298;-28;385;1;0
910;-201;-172;385;1;0
911;-45;-195;385;1;0
912;-180;-166;386;1;0
913;-88;-294;387;1;0
914;-244;-29;388;1;0
915;-315;-225;389;1;0
916;-114;-29;390;1;0
917;-82;-32;390;1;0
918;-11;-294;390;1;0
919;-62;-190;391;1;0
920;-307;-172;392;1;0
921;-122;-225;392;1;0
922;-110;-239;392;1;0
923;-153;-57;393;1;0
924;-48;-151;393;1;0
925;-8;-211;393;1;0
926;-314;-49;394;1;0
927;-50;-82;394;1;0
928;-181;-291;394;1;0
929;-81;-41;395;1;0
930;-8;-84;395;1;0
931;-166;-134;395;1;0
932;-308;-206;395;1;0
933;-314;-267;395;1;0
934;-313;-105;396;1;0
935;-313;-130;396;1;0
936;-314;-257;396;1;0
937;-9;-29;397;1;0
938;-237;-32;397;1;0
939;-188;-56;397;1;0
940;-160;-142;397;1;0
941;-212;-37;398;1;0
942;-110;-49;398;1;0
943;-312;-84;398;1;0
944;-81;-59;399;1;0
945;-12;-217;399;1;0
946;-126;-223;399;1;0
947;-7;-269;399;1;0
948;-301;-293;399;1;0
949;-76;-32;400;1;0
950;-249;-140;400;1;0
951;-11;-227;400;1;0
952;-183;-253;400;1;0
953;-35;-182;401;1;0
954;-54;-293;401;1;0
955;-61;-65;403;1;0
956;-70;-286;403;1;0
957;-288;-119;404;1;0
958;-43;-180;404;1;0
959;-187;-111;405;1;0
960;-103;-184;405;1;0
961;-59;-238;405;1;0
962;-230;-292;405;1;0
963;-237;-132;406;1;0
964;-150;-146;407;1;0
965;-191;-185;407;1;0
966;-158;-206;407;1;0
967;-51;-224;407;1;0
968;-303;-29;408;1;0
969;-137;-62;408;1;0
970;-233;-142;408;1;0
971;-315;-159;408;1;0
972;-314;-259;408;1;0
973;-19;-292;408;1;0
974;-10;-50;410;1;0
975;-39;-108;410;1;0
976;-235;-35;411;1;0
977;-309;-111;411;1;0
978;-219;-182;411;1;0
979;-92;-243;411;1;0
980;-281;-75;412;1;0
981;-180;-232;412;1;0
982;-249;-181;413;1;0
983;-9;-265;413;1;0
984;-62;-30;414;1;0
985;-102;-149;414;1;0
986;-315;-202;414;1;0
987;-94;-166;415;1;0
988;-268;-293;415;1;0
989;-126;-100;416;1;0
990;-92;-234;416;1;0
991;-129;-78;417;1;0
992;-279;-84;417;1;0
993;-315;-223;417;1;0
994;-185;-270;417;1;0
995;-234;-131;418;1;0
996;-7;-138;418;1;0
997;-161;-108;419;1;0
998;-168;-36;420;1;0
999;-15;-52;421;1;0
1000;-244;-290;421;1;0
1001;-313;-110;422;1;0
1002;-289;-229;422;1;0
1003;-309;-292;423;1;0
1004;-214;-190;424;1;0
1005;-14;-218;424;1;0
1006;-66;-292;424;1;0
1007;-277;-29;425;1;0
1008;-152;-291;425;1;0
1009;-69;-30;426;1;0
1010;-54;-49;426;1;0
1011;-218;-61;426;1;0
1012;-94;-226;426;1;0
1013;-181;-257;426;1;0
1014;-256;-264;426;1;0
1015;-312;-147;427;1;0
1016;-78;-254;427;1;0
1017;-315;-47;428;1;0
1018;-8;-171;428;1;0
1019;-65;-173;429;1;0
1020;-7;-277;429;1;0
1021;-114;-283;429;1;0
1022;-187;-106;430;1;0
1023;-233;-144;430;1;0
1024;-188;-292;430;1;0
1025;-52;-175;431;1;0
1026;-131;-218;431;1;0
1027;-48;-75;432;1;0
1028;-150;-243;432;1;0
1029;-209;-146;433;1;0
1030;-291;-291;433;1;0
1031;-79;-118;434;1;0
1032;-214;-171;434;1;0
1033;-211;-208;434;1;0
1034;-191;-241;434;1;0
1035;-124;-293;434;1;0
1036;-314;-141;436;1;0
1037;-307;-205;436;1;0
1038;-17;-292;437;1;0
1039;-41;-91;438;1;0
1040;-315;-112;438;1;0
1041;-265;-113;438;1;0
1042;-73;-292;438;1;0
1043;-250;-30;439;1;0
1044;-306;-164;439;1;0
1045;-130;-292;439;1;0
1046;-228;-43;440;1;0
1047;-277;-128;440;1;0
1048;-233;-150;440;1;0
1049;-100;-240;440;1;0
1050;-213;-64;441;1;0
1051;-95;-290;442;1;0
1052;-239;-293;442;1;0
1053;-177;-116;443;1;0
1054;-145;-214;443;1;0
1055;-248;-33;446;1;0
1056;-10;-96;446;1;0
1057;-204;-196;446;1;0
1058;-249;-291;446;1;0
1059;-66;-76;447;1;0
1060;-15;-134;447;1;0
1061;-216;-284;447;1;0
1062;-313;-292;447;1;0
1063;-111;-48;448;1;0
1064;-118;-80;448;1;0
1065;-310;-180;448;1;0
1066;-243;-213;448;1;0
1067;-310;-81;449;1;0
1068;-35;-191;449;1;0
1069;-97;-261;450;1;0
1070;-178;-35;452;1;0
1071;-7;-90;452;1;0
1072;-148;-153;452;1;0
1073;-212;-180;452;1;0
1074;-57;-68;453;1;0
1075;-152;-96;455;1;0
1076;-12;-132;455;1;0
1077;-65;-177;455;1;0
1078;-7;-257;455;1;0
1079;-90;-285;455;1;0
1080;-288;-293;455;1;0
1081;-78;-28;456;1;0
1082;-79;-102;456;1;0
1083;-130;-160;458;1;0
1084;-63;-293;458;1;0
1085;-118;-106;459;1;0
1086;-261;-294;459;1;0
1087;-99;-203;460;1;0
1088;-312;-46;461;1;0
1089;-225;-226;461;1;0
1090;-41;-293;461;1;0
1091;-306;-37;463;1;0
1092;-255;-124;463;1;0
1093;-307;-269;463;1;0
1094;-100;-293;464;1;0
1095;-144;-30;465;1;0
1096;-271;-78;465;1;0
1097;-104;-103;465;1;0
1098;-94;-201;465;1;0
1099;-223;-284;465;1;0
1100;-309;-291;465;1;0
1101;-188;-292;465;1;0
1102;-109;-196;466;1;0
1103;-11;-230;466;1;0
1104;-210;-47;467;1;0
1105;-267;-206;467;1;0
1106;-167;-253;467;1;0
1107;-248;-291;467;1;0
1108;-188;-103;468;1;0
1109;-10;-144;468;1;0
1110;-135;-148;468;1;0
1111;-314;-183;468;1;0
1112;-228;-266;468;1;0
1113;-54;-189;469;1;0
1114;-193;-49;470;1;0
1115;-129;-69;470;1;0
1116;-305;-231;470;1;0
1117;-19;-223;471;1;0
1118;-23;-292;471;1;0
1119;-14;-105;472;1;0
1120;-116;-294;472;1;0
1121;-11;-35;473;1;0
1122;-279;-134;473;1;0
1123;-256;-206;473;1;0
1124;-232;-96;474;1;0
1125;-299;-240;474;1;0
1126;-50;-243;475;1;0
1127;-315;-125;477;1;0
1128;-108;-201;477;1;0
1129;-113;-30;478;1;0
1130;-122;-31;478;1;0
1131;-253;-54;478;1;0
1132;-78;-114;478;1;0
1133;-220;-164;479;1;0
1134;-96;-28;480;1;0
1135;-67;-30;480;1;0
1136;-179;-95;480;1;0
1137;-126;-188;480;1;0
1138;-254;-203;480;1;0
1139;-304;-161;481;1;0
1140;-234;-260;481;1;0
1141;-307;-270;481;1;0
1142;-227;-72;482;1;0
1143;-97;-198;482;1;0
1144;-313;-59;483;1;0
1145;-100;-77;483;1;0
1146;-155;-132;483;1;0
1147;-186;-172;483;1;0
1148;-269;-236;483;1;0
1149;-261;-226;484;1;0
1150;-134;-29;485;1;0
1151;-111;-65;485;1;0
1152;-310;-129;485;1;0
1153;-229;-159;485;1;0
1154;-243;-66;486;1;0
1155;-139;-191;486;1;0
1156;-137;-216;486;1;0
1157;-101;-294;486;1;0
1158;-222;-294;487;1;0
1159;-170;-97;488;1;0
1160;-179;-125;488;1;0
1161;-313;-117;490;1;0
1162;-312;-184;491;1;0
1163;-142;-127;492;1;0
1164;-235;-252;494;1;0
1165;-59;-82;495;1;0
1166;-13;-259;495;1;0
1167;-8;-294;495;1;0
1168;-297;-71;496;1;0
1169;-87;-73;496;1;0
1170;-235;-76;496;1;0
1171;-141;-89;496;1;0
1172;-25;-291;496;1;0
1173;-31;-279;497;1;0
1174;-307;-38;498;1;0
1175;-49;-220;498;1;0
1176;-82;-293;499;1;0
1177;-161;-161;500;1;0
1178;-133;-127;501;1;0
1179;-53;-153;501;1;0
1180;-210;-181;501;1;0
1181;-109;-31;502;1;0
1182;-124;-219;502;1;0
1183;-152;-219;503;1;0
1184;-150;-64;504;1;0
1185;-74;-176;504;1;0
1186;-183;-254;504;1;0
1187;-175;-293;504;1;0
1188;-136;-32;505;1;0
1189;-10;-70;505;1;0
1190;-313;-226;505;1;0
1191;-209;-107;506;1;0
1192;-218;-209;506;1;0
1193;-27;-268;506;1;0
1194;-311;-170;507;1;0
1195;-179;-293;507;1;0
1196;-314;-96;508;1;0
1197;-224;-109;508;1;0
1198;-311;-243;508;1;0
1199;-313;-262;508;1;0
1200;-309;-287;508;1;0
1201;-230;-28;509;1;0
1202;-307;-51;509;1;0
1203;-148;-254;509;1;0
1204;-82;-290;509;1;0
1205;-109;-34;510;1;0
1206;-24;-113;510;1;0
1207;-200;-189;510;1;0
1208;-161;-287;510;1;0
1209;-99;-29;511;1;0
1210;-239;-169;511;1;0
1211;-90;-180;511;1;0
1212;-135;-232;511;1;0
1213;-11;-33;513;1;0
1214;-263;-163;513;1;0
1215;-249;-293;513;1;0
1216;-89;-74;514;1;0
1217;-232;-149;514;1;0
1218;-9;-120;515;1;0
1219;-223;-292;515;1;0
1220;-173;-31;516;1;0
1221;-315;-42;516;1;0
1222;-121;-269;516;1;0
1223;-8;-90;517;1;0
1224;-218;-187;517;1;0
1225;-268;-252;517;1;0
1226;-304;-290;517;1;0
1227;-314;-190;518;1;0
1228;-39;-156;519;1;0
1229;-309;-90;521;1;0
1230;-37;-202;521;1;0
1231;-234;-88;522;1;0
1232;-245;-166;522;1;0
1233;-313;-196;522;1;0
1234;-264;-35;523;1;0
1235;-11;-183;523;1;0
1236;-187;-70;524;1;0
1237;-234;-284;524;1;0
1238;-15;-293;524;1;0
1239;-311;-95;525;1;0
1240;-55;-30;526;1;0
1241;-87;-168;526;1;0
1242;-55;-204;526;1;0
1243;-313;-248;526;1;0
1244;-192;-76;528;1;0
1245;-39;-135;528;1;0
1246;-314;-152;528;1;0
1247;-228;-158;529;1;0
1248;-313;-170;529;1;0
1249;-259;-180;529;1;0
1250;-229;-255;529;1;0
1251;-239;-269;529;1;0
1252;-228;-292;529;1;0
1253;-254;-33;530;1;0
1254;-159;-77;530;1;0
1255;-312;-77;530;1;0
1256;-195;-203;530;1;0
1257;-305;-214;530;1;0
1258;-185;-249;530;1;0
1259;-88;-280;531;1;0
1260;-191;-31;532;1;0
1261;-45;-32;532;1;0
1262;-10;-36;532;1;0
1263;-313;-238;533;1;0
1264;-273;-122;534;1;0
1265;-159;-158;534;1;0
1266;-8;-250;534;1;0
1267;-7;-277;534;1;0
1268;-185;-46;535;1;0
1269;-104;-109;535;1;0
1270;-137;-126;535;1;0
1271;-314;-130;535;1;0
1272;-212;-29;536;1;0
1273;-135;-116;536;1;0
1274;-200;-165;536;1;0
1275;-126;-242;536;1;0
1276;-171;-28;538;1;0
1277;-163;-184;538;1;0
1278;-89;-241;538;1;0
1279;-222;-203;540;1;0
1280;-314;-222;540;1;0
1281;-313;-31;541;1;0
1282;-124;-109;541;1;0
1283;-119;-30;542;1;0
1284;-90;-90;542;1;0
1285;-315;-197;542;1;0
1286;-310;-205;542;1;0
1287;-282;-69;545;1;0
1288;-228;-29;546;1;0
1289;-170;-294;546;1;0
1290;-102;-113;547;1;0
1291;-51;-150;547;1;0
1292;-41;-157;547;1;0
1293;-147;-291;548;1;0
1294;-180;-152;549;1;0
1295;-21;-258;549;1;0
1296;-56;-44;550;1;0
1297;-311;-125;550;1;0
1298;-195;-251;550;1;0
1299;-270;-122;552;1;0
1300;-21;-31;553;1;0
1301;-10;-181;554;1;0
1302;-66;-294;556;1;0
1303;-189;-32;557;1;0
1304;-314;-37;558;1;0
1305;-313;-122;560;1;0
1306;-98;-255;561;1;0
1307;-244;-258;562;1;0
1308;-308;-113;563;1;0
1309;-306;-57;564;1;0
1310;-90;-85;564;1;0
1311;-198;-149;565;1;0
1312;-66;-80;566;1;0
1313;-76;-181;566;1;0
1314;-145;-243;567;1;0
1315;-111;-99;568;1;0
1316;-10;-29;570;1;0
1317;-276;-102;570;1;0
1318;-104;-45;571;1;0
1319;-305;-124;572;1;0
1320;-137;-242;572;1;0
1321;-6;-160;573;1;0
1322;-314;-42;576;1;0
1323;-158;-38;577;1;0
1324;-59;-67;578;1;0
1325;-180;-192;578;1;0
1326;-223;-62;579;1;0
1327;-7;-139;579;1;0
1328;-110;-100;580;1;0
1329;-210;-122;580;1;0
1330;-314;-131;580;1;0
1331;-310;-181;580;1;0
1332;-103;-189;580;1;0
1333;-273;-37;581;1;0
1334;-95;-292;581;1;0
1335;-13;-103;582;1;0
1336;-263;-116;582;1;0
1337;-301;-221;583;1;0
1338;-224;-28;584;1;0
1339;-35;-294;584;1;0
1340;-163;-138;585;1;0
1341;-140;-243;585;1;0
1342;-118;-294;585;1;0
1343;-299;-294;585;1;0
1344;-258;-51;586;1;0
1345;-207;-53;586;1;0
1346;-193;-130;586;1;0
1347;-96;-177;586;1;0
1348;-10;-209;586;1;0
1349;-75;-233;586;1;0
1350;-88;-236;586;1;0
1351;-114;-35;587;1;0
1352;-305;-57;587;1;0
1353;-276;-167;587;1;0
1354;-181;-170;587;1;0
1355;-212;-194;587;1;0
1356;-236;-214;587;1;0
1357;-310;-261;587;1;0
1358;-294;-278;587;1;0
1359;-55;-283;587;1;0
1360;-173;-287;587;1;0
1361;-161;-289;587;1;0
1362;-180;-28;588;1;0
1363;-129;-51;588;1;0
1364;-192;-102;588;1;0
1365;-158;-112;588;1;0
1366;-217;-151;588;1;0
1367;-114;-228;588;1;0
1368;-150;-263;588;1;0
1369;-194;-271;588;1;0
1370;-255;-275;588;1;0
1371;-139;-293;588;1;0
1372;-287;-47;589;1;0
1373;-204;-52;589;1;0
1374;-191;-54;589;1;0
1375;-72;-85;589;1;0
1376;-125;-85;589;1;0
1377;-180;-91;589;1;0
1378;-231;-109;589;1;0
1379;-8;-143;589;1;0
1380;-13;-163;589;1;0
1381;-125;-164;589;1;0
1382;-56;-194;589;1;0
1383;-292;-194;589;1;0
1384;-235;-234;589;1;0
1385;-284;-236;589;1;0
1386;-301;-239;589;1;0
1387;-17;-248;589;1;0
1388;-79;-254;589;1;0
1389;-29;-269;589;1;0
1390;-70;-291;589;1;0
1391;-91;-32;590;1;0
1392;-162;-33;590;1;0
1393;-80;-56;590;1;0
1394;-163;-64;590;1;0
1395;-121;-72;590;1;0
1396;-81;-99;590;1;0
1397;-166;-152;590;1;0
1398;-294;-153;590;1;0
1399;-138;-164;590;1;0
1400;-21;-175;590;1;0
1401;-307;-186;590;1;0
1402;-102;-219;590;1;0
1403;-93;-249;590;1;0
1404;-163;-257;590;1;0
1405;-248;-261;590;1;0
1406;-129;-262;590;1;0
1407;-227;-283;590;1;0
1408;-245;-284;590;1;0
1409;-244;-288;590;1;0
1410;-26;-42;591;1;0
1411;-314;-86;591;1;0
1412;-80;-128;591;1;0
1413;-37;-138;591;1;0
1414;-190;-151;591;1;0
1415;-235;-193;591;1;0
1416;-51;-214;591;1;0
1417;-182;-214;591;1;0
1418;-189;-220;591;1;0
1419;-82;-243;591;1;0
1420;-7;-275;591;1;0
1421;-78;-245;6;3;0
1422;-293.333;-174.333;6.66667;3;0
1423;-243;-265;8;3;0
1424;-138;-40;9;3;0
1425;-60;-97;9;3;0
1426;-30;-280;9;3;0
1427;-19;-166;10;3;0
1428;-183;-30;11;3;0
1429;-273;-37;11;3;0
1430;-59.3333;-67.3333;10.6667;4;0
1431;-63.1429;-72.1429;10.7143;5;0
1432;-73;-117;11;3;0
1433;-195.333;-258.333;10.6667;3;0
1434;-247;-269;11;3;0
1435;-31;-272;11;3;0
1436;-59.6667;-46.3333;12.6667;3;0
1437;-54.6667;-88.6667;12.3333;3;0
1438;-173;-102;13;3;0
1439;-219;-159;13;3;0
1440;-36;-173;13;3;0
1441;-258;-207;13;3;0
1442;-304;-227;13;3;0
1443;-20;-155;14;3;0
1444;-48;-42;15;3;0
1445;-127;-53;15;3;0
1446;-263;-139;15;3;0
1447;-198;-216;15;3;0
1448;-94;-232;15;3;0
1449;-244;-253.333;14.6667;3;0
1450;-36.6667;-268;14.3333;3;0
1451;-184.667;-66.6667;16;3;0
1452;-219;-76;16;3;0
1453;-193;-83;16;3;0
1454;-12;-97;16;3;0
1455;-145.667;-107.333;15.3333;3;0
1456;-13;-227;16;3;0
1457;-24.3333;-275.667;15.3333;3;0
1458;-283;-232;17;3;0
1459;-21;-253;17;3;0
1460;-109;-58;19;3;0
1461;-27.3333;-150.667;18.3333;3;0
1462;-308.333;-58.3333;19.3333;3;0
1463;-218;-107;20;3;0
1464;-154;-156;20;3;0
1465;-125;-234;20;3;0
1466;-186;-250;20;3;0
1467;-147.333;-46.6667;20.3333;3;0
1468;-244;-280;21;3;0
1469;-180;-281;21;3;0
1470;-97;-190;22;3;0
1471;-240;-157;23;3;0
1472;-168.333;-175.333;22.3333;3;0
1473;-261.667;-56.3333;23.3333;3;0
1474;-130;-94;24;3;0
1475;-269;-103.333;23.6667;3;0
1476;-148;-105;24;3;0
1477;-43;-142;24;3;0
1478;-232;-223;24;3;0
1479;-167;-160;25;3;0
1480;-242;-282;25;3;0
1481;-162;-46;26;3;0
1482;-156.667;-50.6667;26;3;0
1483;-142;-231;26;3;0
1484;-89;-41;27;3;0
1485;-223;-43;27;3;0
1486;-41.6667;-90.3333;26.6667;3;0
1487;-36.3333;-212.333;26.3333;3;0
1488;-150;-222;27;3;0
1489;-163;-48;28;3;0
1490;-81.3333;-90.3333;27.3333;3;0
1491;-136.333;-290.667;27.3333;3;0
1492;-150;-241;29;3;0
1493;-38;-260;29;3;0
1494;-122;-71;30;3;0
1495;-156.667;-111.333;29.3333;3;0
1496;-165;-193;30;3;0
1497;-283.667;-203.667;29.6667;3;0
1498;-296.667;-282;29.6667;3;0
1499;-200;-218;31;3;0
1500;-279;-282;31;3;0
1501;-104;-286;31;3;0
1502;-19;-139;32;3;0
1503;-294.333;-215.333;32;3;0
1504;-110;-243;32;3;0
1505;-104;-237;33;3;0
1506;-20.3333;-122.333;33.3333;3;0
1507;-300;-136;34;3;0
1508;-28;-209;34;3;0
1509;-231;-279;34;3;0
1510;-232;-177;35;3;0
1511;-87;-196;35;3;0
1512;-170.667;-262.667;34.3333;3;0
1513;-224;-46.3333;35.6667;3;0
1514;-154;-116;36;3;0
1515;-59.6667;-140.333;35.6667;3;0
1516;-161.667;-201.333;36.3333;3;0
1517;-183;-118;38;3;0
1518;-175;-142.667;37.3333;3;0
1519;-11;-82;39;3;0
1520;-299;-136;38;4;0
1521;-240.75;-192.5;38;4;0
1522;-257.667;-204;38.3333;3;0
1523;-301.667;-84.3333;39.3333;3;0
1524;-259;-149;40;3;0
1525;-236.333;-191.667;40;3;0
1526;-12;-57;41;3;0
1527;-26.6667;-79.6667;40.6667;3;0
1528;-247;-191;41;3;0
1529;-224;-206;41;3;0
1530;-106.667;-254.333;40.3333;3;0
1531;-218.333;-206.667;41.3333;3;0
1532;-69;-278.667;41.6667;3;0
1533;-266.333;-281.333;42.3333;3;0
1534;-22.6667;-44.6667;43.6667;3;0
1535;-208.667;-224.667;43.6667;3;0
1536;-226;-44;45;3;0
1537;-63;-225;46;3;0
1538;-127.667;-283.667;45.3333;3;0
1539;-77;-40;47;3;0
1540;-257;-52;47;3;0
1541;-243;-60;47;3;0
1542;-168;-112;47;3;0
1543;-72;-210;47;3;0
1544;-240.333;-256.667;47;3;0
1545;-50;-258;47;3;0
1546;-19;-115;48;3;0
1547;-112.667;-132.333;48;3;0
1548;-83;-206;48;3;0
1549;-66.6667;-257.333;48;3;0
1550;-13;-53;49;3;0
1551;-95;-117;49;3;0
1552;-122;-173;49;3;0
1553;-57;-205;49;3;0
1554;-76;-252;49;3;0
1555;-117;-269;49;3;0
1556;-24.6667;-277.667;48.6667;3;0
1557;-84.3333;-96.3333;49.3333;3;0
1558;-248;-150;50;3;0
1559;-28;-88;52;3;0
1560;-260;-115;52;3;0
1561;-62;-201;52;3;0
1562;-64;-193;53;3;0
1563;-239;-235;53;3;0
1564;-131.333;-237.667;53;3;0
1565;-126;-243;53;3;0
1566;-62;-197;54;3;0
1567;-64;-203.667;53.3333;3;0
1568;-128;-282;54;3;0
1569;-135.667;-85.3333;54.6667;3;0
1570;-123.667;-223.333;54.6667;3;0
1571;-298;-132;56;3;0
1572;-54.3333;-64;56.6667;3;0
1573;-283;-87;57;3;0
1574;-266;-218;57;3;0
1575;-188;-85;58;3;0
1576;-208;-192;58;3;0
1577;-214;-238;58;3;0
1578;-63;-64;59;3;0
1579;-297;-65;59;3;0
1580;-277;-122;59;3;0
1581;-163;-50;60;3;0
1582;-239;-89;60;3;0
1583;-122;-276;60;3;0
1584;-116.667;-47.6667;60.6667;3;0
1585;-111;-51;61;3;0
1586;-10.6667;-219.333;60.3333;3;0
1587;-301;-37;62;3;0
1588;-206.667;-265.667;61.3333;3;0
1589;-41.3333;-125.333;62.6667;3;0
1590;-29;-187;63;3;0
1591;-116.667;-247;62.3333;3;0
1592;-175.333;-185.667;63.6667;3;0
1593;-26.6667;-189.333;65;3;0
1594;-68.6667;-236.333;64.3333;3;0
1595;-207;-265;65;3;0
1596;-188;-66;66;3;0
1597;-267;-245;66;3;0
1598;-19;-250;66;3;0
1599;-229;-42;67;3;0
1600;-125;-89;67;3;0
1601;-121;-144;67;3;0
1602;-29.3333;-194.667;66.3333;3;0
1603;-14;-253;67;3;0
1604;-173;-160;68;3;0
1605;-15;-161;68;3;0
1606;-140.333;-178.667;68.3333;3;0
1607;-297.333;-265.333;68.6667;3;0
1608;-216;-78;70;3;0
1609;-113;-83;70;3;0
1610;-179.5;-182.5;68.6667;4;0
1611;-136.667;-55.3333;70.3333;3;0
1612;-310.667;-62.3333;71;3;0
1613;-90;-163;71;3;0
1614;-300;-243;71;3;0
1615;-112.667;-142.667;71.6667;4;0
1616;-198.667;-142.667;71.6667;3;0
1617;-264;-152;72;3;0
1618;-213;-232.667;71.6667;3;0
1619;-234;-237;72;3;0
1620;-114.333;-219.667;72.6667;3;0
1621;-242;-281;73;3;0
1622;-283;-81;74;3;0
1623;-248;-147;74;3;0
1624;-214;-268;74;3;0
1625;-202.667;-269;73.6667;3;0
1626;-68.3333;-286.667;73.6667;3;0
1627;-109;-140;75;3;0
1628;-15.3333;-150.667;74.6667;4;0
1629;-264;-42;76;3;0
1630;-15;-69;76;3;0
1631;-227.667;-266.667;75.3333;3;0
1632;-73.6667;-99.3333;76.6667;3;0
1633;-277;-211;77;3;0
1634;-107.333;-221.333;76.3333;3;0
1635;-305.333;-227.667;76.6667;3;0
1636;-223;-101;78;3;0
1637;-305;-224;78;3;0
1638;-82;-48;79;3;0
1639;-150;-217;79;3;0
1640;-67;-235;79;3;0
1641;-36;-30;80;3;0
1642;-231;-44;80;3;0
1643;-177;-99;80;3;0
1644;-304;-186;80;3;0
1645;-285.667;-193.333;79.6667;3;0
1646;-251.667;-225.333;79.3333;3;0
1647;-225.333;-101.333;81.3333;3;0
1648;-307;-183;82;3;0
1649;-48.3333;-195.667;81.6667;3;0
1650;-59.6667;-287.667;81.3333;3;0
1651;-210;-280;83;3;0
1652;-246;-49;84;3;0
1653;-148;-74;85;3;0
1654;-213;-176;85;3;0
1655;-281;-284;86;3;0
1656;-245;-50;87;3;0
1657;-276.333;-93.3333;86.6667;3;0
1658;-33;-100.667;86.6667;3;0
1659;-16;-235;87;3;0
1660;-174;-257;87;3;0
1661;-276;-88;88;3;0
1662;-246;-192;88;3;0
1663;-273.333;-241.667;87.6667;3;0
1664;-238;-96;89;3;0
1665;-137;-114;89;3;0
1666;-292.333;-155.667;88.6667;3;0
1667;-156;-207.667;88.3333;3;0
1668;-311;-34.3333;89.3333;3;0
1669;-275;-90;90;3;0
1670;-293;-94;90;3;0
1671;-215;-114;90;3;0
1672;-73;-236;90;3;0
1673;-235;-55;91;3;0
1674;-26.6667;-69.3333;91;3;0
1675;-186;-210;91;3;0
1676;-26.6667;-80.6667;91.3333;3;0
1677;-274;-90;92;3;0
1678;-282;-102;92;3;0
1679;-278;-114;92;3;0
1680;-107;-191;92;3;0
1681;-108;-235;92;3;0
1682;-282.667;-37.6667;92.6667;3;0
1683;-235.667;-108.333;92.3333;3;0
1684;-302;-159;93;4;0
1685;-28.3333;-34.6667;93.3333;3;0
1686;-45;-59;94;3;0
1687;-132;-135;95;3;0
1688;-135.667;-137;94.3333;3;0
1689;-36.6667;-177.667;94.3333;3;0
1690;-254;-280;96;3;0
1691;-260.667;-35.6667;97.3333;3;0
1692;-168;-50;98;3;0
1693;-106;-67;98;3;0
1694;-244;-138;99;3;0
1695;-206.667;-149.667;99;3;0
1696;-33;-38;100;3;0
1697;-90;-70;100;3;0
1698;-109.333;-143.667;99.6667;3;0
1699;-197;-151;100;3;0
1700;-102.667;-202.333;99.3333;3;0
1701;-70;-210;100;3;0
1702;-142;-261;100;3;0
1703;-141;-66;101;3;0
1704;-37.3333;-237.333;100.333;3;0
1705;-104;-95;102;3;0
1706;-50.3333;-166;101.333;3;0
1707;-148;-261;102;3;0
1708;-112.667;-267.667;101.333;3;0
1709;-225.333;-160.667;102.333;3;0
1710;-12.3333;-213.667;102.333;3;0
1711;-125;-275;103;3;0
1712;-238;-86;104;3;0
1713;-72;-290;104;3;0
1714;-180;-238;105;3;0
1715;-222;-247;106;3;0
1716;-297;-249;106;3;0
1717;-240;-273;106;3;0
1718;-242;-88;107;3;0
1719;-185;-124;107;3;0
1720;-90;-199;107;3;0
1721;-51.3333;-219.333;106.667;3;0
1722;-61;-220;107;3;0
1723;-294.333;-127.333;107.333;3;0
1724;-51;-259;108;3;0
1725;-204;-87;109;3;0
1726;-143;-91;109;3;0
1727;-276;-126;109;3;0
1728;-180;-131;109;3;0
1729;-289;-252;109;3;0
1730;-234;-74;110;3;0
1731;-57;-222;110;3;0
1732;-299;-250;110;3;0
1733;-295;-253.286;110;5;0
1734;-67;-269;110;3;0
1735;-183;-116;111;3;0
1736;-222;-222;111;3;0
1737;-14;-129;112;3;0
1738;-65.6667;-133.667;111.667;3;0
1739;-304.333;-145.333;111.333;3;0
1740;-229.333;-173.667;112;3;0
1741;-302.333;-264.667;111.333;3;0
1742;-133.333;-60.3333;112.667;3;0
1743;-302;-82;113;3;0
1744;-23;-122;113;3;0
1745;-187.667;-171.667;112.333;3;0
1746;-85;-198;113;3;0
1747;-169;-235;113;3;0
1748;-89.6667;-37.6667;113.333;3;0
1749;-233;-287;114;3;0
1750;-20.3333;-118.667;114.667;3;0
1751;-33.3333;-127.667;114.667;3;0
1752;-182.333;-174.333;114.333;3;0
1753;-196.333;-214;114.333;3;0
1754;-298.667;-221.333;114.333;3;0
1755;-151;-63;116;3;0
1756;-153;-220;116;3;0
1757;-44;-266.333;115.333;3;0
1758;-77;-276;116;3;0
1759;-142;-43;117;3;0
1760;-299;-82;117;3;0
1761;-296;-83;117;3;0
1762;-173.667;-242.333;116.667;3;0
1763;-240;-96;118;3;0
1764;-266.333;-199.667;117.667;3;0
1765;-155;-43;119;3;0
1766;-214;-52;119;3;0
1767;-126;-60;119;3;0
1768;-149;-152;119;3;0
1769;-87.3333;-155.333;118.333;3;0
1770;-271.333;-94.3333;119.667;3;0
1771;-119.667;-270;119.667;3;0
1772;-189;-68;121;3;0
1773;-73.3333;-45.6667;121.333;3;0
1774;-295.8;-90;120.8;5;0
1775;-263;-237;122;3;0
1776;-301.667;-31.6667;122.333;3;0
1777;-157.833;-44.8333;121.833;3;0
1778;-194.667;-89.6667;122.333;3;0
1779;-293;-189;123;3;0
1780;-248;-192;123;3;0
1781;-303;-249;123;3;0
1782;-276.667;-265.667;122.667;3;0
1783;-203;-278;123;3;0
1784;-303;-79;124;3;0
1785;-62.6667;-94.6667;123.667;3;0
1786;-298;-97;124;3;0
1787;-96;-99;124;3;0
1788;-231.667;-117.333;123.667;3;0
1789;-25;-239;124;3;0
1790;-187;-97;125;3;0
1791;-124;-174;125;3;0
1792;-21;-139;126;3;0
1793;-92;-33;127;3;0
1794;-69.3333;-80.3333;126.667;3;0
1795;-292;-86.6667;125.833;5;0
1796;-123;-231;127;3;0
1797;-97.3333;-264;126.333;3;0
1798;-148;-40;128;3;0
1799;-156;-167;128;3;0
1800;-35.6667;-185.667;127.667;3;0
1801;-260;-280;128;3;0
1802;-294;-283;128;3;0
1803;-94;-35;129;3;0
1804;-304;-78;129;3;0
1805;-298;-83;129;3;0
1806;-122;-184;129;3;0
1807;-89;-36.75;129.25;4;0
1808;-95;-37;130;3;0
1809;-240;-210;130;3;0
1810;-91.3333;-40.3333;130.667;3;0
1811;-94;-42;131;3;0
1812;-117;-54;131;3;0
1813;-304;-80;131;3;0
1814;-140.333;-286.333;130.333;3;0
1815;-158.667;-74.3333;131.333;3;0
1816;-124;-103;132;3;0
1817;-300;-142;132;3;0
1818;-307;-86;133;3;0
1819;-116;-231;133;3;0
1820;-262.167;-276.333;131.5;6;0
1821;-41;-50;134;3;0
1822;-309;-88;134;3;0
1823;-110;-135;134;3;0
1824;-98.4;-40.6;134;5;0
1825;-252.333;-83.6667;134.333;3;0
1826;-308.8;-84;134.2;6;0
1827;-225;-109;135;3;0
1828;-82.6667;-173.333;134.333;3;0
1829;-21;-201;135;3;0
1830;-24.6667;-50.3333;135.333;3;0
1831;-196.333;-218.333;135.667;3;0
1832;-23;-285;136;3;0
1833;-228.333;-35.3333;136.667;3;0
1834;-209.333;-55.6667;136.667;3;0
1835;-244.333;-145.333;136.333;3;0
1836;-256;-264;137;3;0
1837;-291.667;-132.333;138;3;0
1838;-91;-267.333;137.667;3;0
1839;-265;-182;139;3;0
1840;-65;-225;140;3;0
1841;-86;-208;141;3;0
1842;-79;-169;142;3;0
1843;-300.667;-127.667;142.333;3;0
1844;-186;-129;143;3;0
1845;-99;-280;143;3;0
1846;-213;-282;143;3;0
1847;-271.333;-258.333;144.333;3;0
1848;-202;-98;146;3;0
1849;-114.667;-198.667;145.667;3;0
1850;-208.333;-228.667;146.333;3;0
1851;-311;-131;148;3;0
1852;-65;-179;148;3;0
1853;-174.667;-87;148.667;3;0
1854;-128.667;-102.667;148.667;3;0
1855;-17.3333;-35.6667;149.667;3;0
1856;-48;-67;151;3;0
1857;-179.667;-124.667;150.333;3;0
1858;-257;-63;152;3;0
1859;-82.3333;-253.667;151.667;3;0
1860;-271;-135;153;3;0
1861;-88.6667;-143.333;152.667;3;0
1862;-87.3333;-168.667;152.667;3;0
1863;-260;-233;153;3;0
1864;-17.3333;-239.333;153.667;4;0
1865;-147.667;-137.333;154.667;3;0
1866;-201;-254.5;154.5;4;0
1867;-229;-114.333;155.667;3;0
1868;-175.667;-212.667;155.667;3;0
1869;-149;-171;158;3;0
1870;-202.667;-170.667;157.333;3;0
1871;-180;-255;158;3;0
1872;-71;-132;159;3;0
1873;-304;-204;159;3;0
1874;-58.6667;-150.667;159.667;3;0
1875;-127;-190.667;159.667;3;0
1876;-168;-214;160;3;0
1877;-249.333;-288;159.667;3;0
1878;-101.333;-84.6667;160.667;3;0
1879;-270;-99.3333;160.667;3;0
1880;-139.667;-129.667;160.333;3;0
1881;-127.333;-272.667;160.333;3;0
1882;-153;-71;162;3;0
1883;-91;-92;162;3;0
1884;-32;-264;162;3;0
1885;-176;-276;162;3;0
1886;-291.333;-32;162.667;3;0
1887;-289;-50;163;3;0
1888;-184;-198;163;3;0
1889;-21.3333;-88.6667;163.333;3;0
1890;-240;-165.333;163.667;3;0
1891;-145;-250;164;3;0
1892;-16;-145;165;3;0
1893;-238;-178;165;3;0
1894;-38;-201;165;3;0
1895;-91;-66;166;3;0
1896;-245.667;-290.667;165.333;3;0
1897;-125;-168;167;3;0
1898;-203;-36;168;3;0
1899;-74.3333;-105.667;167.333;3;0
1900;-249;-116;168;3;0
1901;-277.667;-263;167.667;3;0
1902;-108;-260.667;168.667;3;0
1903;-244.333;-42;169.667;3;0
1904;-124.5;-167.5;169.5;4;0
1905;-208;-248;170;3;0
1906;-192;-36;172;3;0
1907;-89;-245;172;3;0
1908;-107;-250;172;3;0
1909;-281;-68;173;3;0
1910;-234;-99;173;3;0
1911;-128;-171;173;4;0
1912;-153;-179;173;3;0
1913;-137.667;-253.333;172.667;3;0
1914;-64.3333;-263.333;173;3;0
1915;-65.3333;-279.667;173;3;0
1916;-137;-101;174;3;0
1917;-181;-140;174;3;0
1918;-94;-243;175;3;0
1919;-276;-83.2;174.6;10;0
1920;-123;-201;176;3;0
1921;-55.3333;-229.667;175.667;3;0
1922;-266;-187;178;3;0
1923;-147.333;-218.333;178;3;0
1924;-44;-251;178;3;0
1925;-48.6667;-92.6667;178.667;3;0
1926;-133.333;-93.3333;179;3;0
1927;-274;-146;179;3;0
1928;-235;-219;179;3;0
1929;-287;-268;179;3;0
1930;-269;-36;181;3;0
1931;-11.3333;-83.3333;181.333;3;0
1932;-267.667;-86;181.333;3;0
1933;-293.667;-149.667;181.333;3;0
1934;-305.667;-159.333;182;3;0
1935;-195;-213;182;3;0
1936;-231;-265;182;3;0
1937;-87;-198;183;3;0
1938;-77;-204;183;3;0
1939;-98.3333;-205.333;183;3;0
1940;-206;-259;183;3;0
1941;-189;-264;183;3;0
1942;-124.333;-43.3333;183.333;3;0
1943;-283.333;-111;183.667;3;0
1944;-43.3333;-162.333;183.667;3;0
1945;-74;-210;184;3;0
1946;-215.333;-77.6667;184.667;3;0
1947;-252.333;-148;184.333;3;0
1948;-119;-165;185;3;0
1949;-198.667;-221.667;184.333;3;0
1950;-56;-253;185;3;0
1951;-227.333;-262;184.333;3;0
1952;-291.333;-264.333;184.333;3;0
1953;-189.667;-279.667;184.333;3;0
1954;-90;-39;186;3;0
1955;-226.667;-235.667;185.333;3;0
1956;-165.333;-181.333;186.667;3;0
1957;-94.6667;-201.667;186.333;3;0
1958;-28;-258;187;3;0
1959;-164;-276.667;186.333;3;0
1960;-98.6667;-279.667;186.333;3;0
1961;-298;-134;188;3;0
1962;-219;-145.667;187.667;3;0
1963;-292;-155;188;3;0
1964;-37.6667;-158.667;187.333;3;0
1965;-309;-271;188;3;0
1966;-163;-40;189;3;0
1967;-107;-160;189;3;0
1968;-284;-160;189;3;0
1969;-183;-176;189;3;0
1970;-177;-71;190;3;0
1971;-161;-193;190;3;0
1972;-195;-201;190;3;0
1973;-205;-97;191;3;0
1974;-38;-45.3333;191.333;3;0
1975;-224.333;-151.333;191.667;3;0
1976;-289;-196;192;3;0
1977;-58;-256.333;191.333;3;0
1978;-18.3333;-276.667;191.333;3;0
1979;-184;-107;193;3;0
1980;-131;-247;193;3;0
1981;-214;-261;193;3;0
1982;-222.667;-261.333;192.667;3;0
1983;-36;-44;195;3;0
1984;-32;-45;195;3;0
1985;-148;-105;195;3;0
1986;-121;-165.333;194.667;3;0
1987;-126.667;-177.667;194.667;3;0
1988;-115;-76;196;3;0
1989;-38.3333;-162.333;196.667;3;0
1990;-49;-202;197;3;0
1991;-279.667;-217.667;198;3;0
1992;-295;-227;198;3;0
1993;-129;-45;199;3;0
1994;-148;-221;199;3;0
1995;-237.333;-109.667;199.333;3;0
1996;-157;-137;200;3;0
1997;-291;-32;201;3;0
1998;-82.3333;-280.333;200.667;3;0
1999;-9.66667;-72.6667;201.667;3;0
2000;-157.333;-235.667;201.333;3;0
2001;-232;-284.333;201.333;3;0
2002;-163;-108;203;3;0
2003;-101;-201;203;3;0
2004;-16;-54;204;3;0
2005;-223.667;-129.333;204.667;3;0
2006;-188;-56;206;3;0
2007;-116;-122;206;3;0
2008;-188;-169;206;3;0
2009;-106;-131;207;3;0
2010;-253;-230;207;3;0
2011;-121;-235;207;3;0
2012;-57.6667;-45.6667;207.667;3;0
2013;-282;-80;208;3;0
2014;-70;-209;208;3;0
2015;-249.667;-43.3333;208.667;3;0
2016;-72;-56;209;3;0
2017;-257;-233;209;3;0
2018;-16;-197.333;209.667;3;0
2019;-223;-51;212;3;0
2020;-272;-240;212;3;0
2021;-84;-94;213;3;0
2022;-23;-119;213;3;0
2023;-245;-92;214;3;0
2024;-205;-168;214;3;0
2025;-288;-74;215;3;0
2026;-276;-171;215;3;0
2027;-104.333;-189.667;214.333;3;0
2028;-236;-220;215;3;0
2029;-96;-61;216;3;0
2030;-129.667;-121;215.333;3;0
2031;-203;-234;216;3;0
2032;-142.333;-279.333;215.333;3;0
2033;-20;-116;217;3;0
2034;-59;-166;217;3;0
2035;-78.3333;-256.333;218;3;0
2036;-63;-138;219;3;0
2037;-19.6667;-93.3333;219.333;3;0
2038;-280;-156;222;3;0
2039;-46.6667;-254.333;221.667;3;0
2040;-127.333;-165.333;222.333;3;0
2041;-254.333;-205.667;223;3;0
2042;-191;-258;223;3;0
2043;-288.333;-282.333;222.667;3;0
2044;-273;-285;223;3;0
2045;-205;-67;224;3;0
2046;-21;-185;224;3;0
2047;-30;-246;224;3;0
2048;-239;-125;225;3;0
2049;-248;-213;225;3;0
2050;-72;-245;225;3;0
2051;-252;-268.333;224.333;3;0
2052;-143.667;-42;225.333;3;0
2053;-208.333;-82.3333;225.333;3;0
2054;-99.6667;-123;225.667;3;0
2055;-221;-161;226;3;0
2056;-206.5;-98;226;2;0
2057;-16;-176;227;3;0
2058;-56;-265;227;3;0
2059;-140;-80;229;3;0
2060;-209;-94.6667;228.333;3;0
2061;-194;-99;229;3;0
2062;-297.333;-107.667;229;3;0
2063;-189.333;-244.333;228.333;3;0
2064;-233;-247;229;3;0
2065;-304.667;-276.333;228.667;3;0
2066;-135.333;-139.667;229.333;3;0
2067;-160.667;-206.333;230;3;0
2068;-88;-124;232;3;0
2069;-289.667;-158.333;231.667;3;0
2070;-74;-281;232;3;0
2071;-183;-52.3333;232.667;3;0
2072;-22;-215;233;3;0
2073;-67.3333;-275.667;233.333;3;0
2074;-249.667;-161.333;234.333;3;0
2075;-190;-39;236;3;0
2076;-245;-160;236;3;0
2077;-184;-238;236;3;0
2078;-298;-70;237;3;0
2079;-253.333;-282.333;236.333;3;0
2080;-211;-104;238;3;0
2081;-306.333;-265.667;237.667;3;0
2082;-188.5;-43.5;237.5;4;0
2083;-80;-93;239;3;0
2084;-127;-163;239;3;0
2085;-179;-175;239;3;0
2086;-91;-199;239;3;0
2087;-186;-49;240;3;0
2088;-156;-55;242;3;0
2089;-250.4;-158;239.8;9;0
2090;-184;-45;243;3;0
2091;-249;-106;243;3;0
2092;-83;-130;244;3;0
2093;-20.6667;-152.333;243.667;3;0
2094;-56;-218;244;3;0
2095;-149;-48;245;3;0
2096;-105;-35;246;3;0
2097;-223;-70;246;3;0
2098;-209;-285;246;3;0
2099;-277.667;-110.333;246.333;3;0
2100;-303;-201;247;3;0
2101;-164;-270;247;3;0
2102;-134;-108;248;3;0
2103;-295;-242;248;3;0
2104;-91;-170;249;3;0
2105;-141;-241;249;3;0
2106;-109;-273.333;248.667;3;0
2107;-148.667;-281.667;248.333;3;0
2108;-254;-76;251;3;0
2109;-136;-74;252;3;0
2110;-245.333;-82.3333;252;3;0
2111;-146.667;-160.333;251.333;3;0
2112;-48;-169;252;3;0
2113;-292;-238;252;3;0
2114;-115;-38;253;3;0
2115;-302;-174.333;252.333;3;0
2116;-41;-43;254;3;0
2117;-131;-75;254;3;0
2118;-23;-122;254;3;0
2119;-306;-183;253.75;4;0
2120;-282;-208;254;3;0
2121;-32;-55;255;3;0
2122;-86;-95;255;3;0
2123;-308;-187;255;3;0
2124;-74.3333;-69.6667;255.333;3;0
2125;-233.333;-76;255.333;3;0
2126;-236.333;-114.333;255.667;3;0
2127;-198.333;-247.333;255.667;3;0
2128;-218;-185;257;3;0
2129;-273;-193;257;3;0
2130;-140.667;-287;256.333;3;0
2131;-135;-35;258;3;0
2132;-29;-248;258;3;0
2133;-27;-256;259;3;0
2134;-278.667;-284.667;259;3;0
2135;-124;-229;260;3;0
2136;-98.3333;-262.333;259.667;3;0
2137;-60.6667;-273.667;259.333;3;0
2138;-240;-30;261;3;0
2139;-175;-39.3333;260.667;3;0
2140;-166;-162.667;260.667;3;0
2141;-297.333;-243.333;261.667;3;0
2142;-71.6667;-38;262.667;3;0
2143;-205.333;-93;262.333;3;0
2144;-199;-126;264;3;0
2145;-49.6667;-112.333;264.333;3;0
2146;-248;-230;265;3;0
2147;-133.333;-123.333;265.667;3;0
2148;-128;-283;266;3;0
2149;-255.667;-288.333;265.333;3;0
2150;-36;-87;267;3;0
2151;-202.333;-140.333;266.333;3;0
2152;-165;-152;267;3;0
2153;-273;-230;267;3;0
2154;-69;-196;268;3;0
2155;-84.6667;-206.333;267.333;3;0
2156;-60;-231;268;3;0
2157;-22;-105;269;3;0
2158;-23;-162;269;3;0
2159;-132.333;-205.333;268.667;3;0
2160;-234;-229;269;3;0
2161;-167;-107;270;3;0
2162;-27;-173;270;3;0
2163;-61;-243;270;3;0
2164;-49.3333;-35.3333;270.667;3;0
2165;-88;-160;272;3;0
2166;-205;-168;272;3;0
2167;-45;-41;273;3;0
2168;-268;-149;273;3;0
2169;-85;-245.333;272.333;3;0
2170;-117.667;-62.6667;273.667;3;0
2171;-239;-201;274;3;0
2172;-305;-263;275;3;0
2173;-30.3333;-139.333;275.667;3;0
2174;-87;-209.667;275.667;3;0
2175;-72;-78;277;3;0
2176;-240.667;-190.333;276.667;3;0
2177;-46;-40;278;3;0
2178;-102;-45;279;3;0
2179;-307;-66;279;3;0
2180;-17;-188;279;3;0
2181;-150;-84;280;3;0
2182;-102.333;-126.667;281;3;0
2183;-91.3333;-147.667;280.333;3;0
2184;-230;-216;281;3;0
2185;-95.6667;-215.667;281.333;3;0
2186;-18;-225;282;3;0
2187;-207;-277;282;3;0
2188;-301.667;-143.667;283;3;0
2189;-161;-153;283;3;0
2190;-163.333;-247.333;282.667;3;0
2191;-292.333;-94.6667;283.667;3;0
2192;-212.333;-46.3333;284.333;3;0
2193;-235;-91;285;3;0
2194;-164;-96;285;3;0
2195;-279;-104;285;3;0
2196;-225;-289;285;3;0
2197;-212;-80;287;3;0
2198;-46;-226;287;3;0
2199;-26;-235;287;3;0
2200;-273.667;-61.3333;287.667;3;0
2201;-239;-33;289;3;0
2202;-254.667;-183.667;288.667;3;0
2203;-235;-44;290;3;0
2204;-88;-78;290;3;0
2205;-255.667;-286.667;289.667;3;0
2206;-101;-67;291;3;0
2207;-195;-220;291;3;0
2208;-18;-200;292;3;0
2209;-273;-202;292;3;0
2210;-156.333;-205;291.667;3;0
2211;-210;-285;292;3;0
2212;-233;-68;293;3;0
2213;-67.6667;-182.333;292.667;3;0
2214;-272;-38;294;3;0
2215;-282.333;-87;293.667;3;0
2216;-160.5;-276.5;293.5;4;0
2217;-273;-204;295;3;0
2218;-259;-53;296;3;0
2219;-17.3333;-101.333;295.667;3;0
2220;-92;-52;297;3;0
2221;-206.667;-286;296.333;3;0
2222;-56;-61;298;3;0
2223;-81.6667;-93.6667;297.333;3;0
2224;-84.6667;-149;297.667;3;0
2225;-129.333;-174.667;297.333;3;0
2226;-76;-246.333;297.667;3;0
2227;-20;-267;298;3;0
2228;-116;-71;299;3;0
2229;-66;-190;299;3;0
2230;-290;-206;299;3;0
2231;-308;-262;299;3;0
2232;-29;-155;300;3;0
2233;-260;-45;301;3;0
2234;-13;-72;301;3;0
2235;-183;-98;301;3;0
2236;-255;-160;301;3;0
2237;-26.6667;-214.333;300.333;3;0
2238;-81;-267;301;3;0
2239;-195;-115;302;3;0
2240;-259;-254;302;3;0
2241;-23.6667;-257.667;301.333;3;0
2242;-49;-42;303;3;0
2243;-31.6667;-147.333;302.333;3;0
2244;-214;-180.667;304.333;3;0
2245;-170.333;-70.6667;306;3;0
2246;-50.3333;-276;305.667;3;0
2247;-241.667;-31;306.667;3;0
2248;-288;-109.333;307.667;3;0
2249;-97;-158;308;3;0
2250;-87.3333;-281.667;308.333;3;0
2251;-305.667;-202.667;309.333;3;0
2252;-206.667;-258.333;309.333;3;0
2253;-163;-53;311;3;0
2254;-216.333;-164.667;312;3;0
2255;-70;-196;312;3;0
2256;-129;-177;313;3;0
2257;-106.333;-211.667;312.333;3;0
2258;-156;-45;314;3;0
2259;-232.333;-246.667;313.333;3;0
2260;-101;-253;314;3;0
2261;-27.3333;-267.667;313.333;3;0
2262;-26;-45;315;3;0
2263;-29;-55;315;3;0
2264;-40;-284;315;3;0
2265;-40.3333;-136.667;315.667;3;0
2266;-175.333;-243.333;315.333;3;0
2267;-129;-269;316;3;0
2268;-308;-272;316;3;0
2269;-156;-50;318;3;0
2270;-176;-205;318;3;0
2271;-265;-209;318;3;0
2272;-110;-101;319;3;0
2273;-67;-267;319;3;0
2274;-258;-75;320;3;0
2275;-23;-84;320;3;0
2276;-190.667;-108;319.667;3;0
2277;-56;-123;320;3;0
2278;-60;-251;320;3;0
2279;-34;-200;321;3;0
2280;-246;-200;321;3;0
2281;-142;-219;321;3;0
2282;-53;-42;322;3;0
2283;-290;-176;322;3;0
2284;-69;-191;322;3;0
2285;-166;-191;322;3;0
2286;-267;-151;324;3;0
2287;-203;-34;325;3;0
2288;-239;-118;325;3;0
2289;-280;-220;325;3;0
2290;-155;-121;326;3;0
2291;-203.667;-254.667;325.667;3;0
2292;-69;-114;327;3;0
2293;-66.6667;-36.6667;327.333;3;0
2294;-245.333;-129.667;327.333;3;0
2295;-258;-168.667;327.333;3;0
2296;-171;-279;328;3;0
2297;-261.333;-52.6667;329.333;3;0
2298;-308.667;-70.3333;329.667;3;0
2299;-207;-136.333;329.333;3;0
2300;-160;-137;330;3;0
2301;-170;-186;330;3;0
2302;-93;-208;330;3;0
2303;-283.333;-233.667;330;3;0
2304;-232;-81;331;3;0
2305;-280;-243;331;3;0
2306;-300;-89;332;3;0
2307;-75;-91;332;3;0
2308;-202.333;-104.333;331.333;3;0
2309;-32;-185;332;3;0
2310;-214.667;-240.667;332;3;0
2311;-294.667;-271.667;331.333;3;0
2312;-296.333;-92.3333;332.333;3;0
2313;-48;-151;333;3;0
2314;-184;-179;333;3;0
2315;-264;-273;333;3;0
2316;-110;-60;334;3;0
2317;-152.667;-67.6667;333.667;3;0
2318;-222;-202;334;3;0
2319;-273.667;-258.667;333.667;3;0
2320;-187;-58;335;3;0
2321;-53;-84;335;3;0
2322;-105.333;-55.6667;335.333;3;0
2323;-137;-63;336;3;0
2324;-294;-262;336;3;0
2325;-155;-118;337;3;0
2326;-81;-272.333;336.333;3;0
2327;-187;-62;338;3;0
2328;-133;-197;338;3;0
2329;-297.333;-243.333;338.667;3;0
2330;-32;-100;340;3;0
2331;-306.333;-141.333;339.667;3;0
2332;-149;-177;340;3;0
2333;-283;-38;341;3;0
2334;-169.333;-83.6667;340.333;3;0
2335;-172;-244;341;3;0
2336;-15.3333;-255;340.333;3;0
2337;-266.667;-50.6667;341.667;3;0
2338;-143;-110;342;3;0
2339;-26;-204;342;3;0
2340;-102.333;-158.333;342.333;3;0
2341;-144.667;-166.333;344;3;0
2342;-234;-279.667;343.667;3;0
2343;-194;-176;346;3;0
2344;-230;-259;346;3;0
2345;-25;-289;346;3;0
2346;-35;-214.333;346.333;3;0
2347;-109;-192;348;3;0
2348;-22;-165;349;3;0
2349;-133;-220;350;3;0
2350;-52;-46;351;3;0
2351;-123.667;-104.667;350.333;3;0
2352;-233.667;-144.333;350.667;3;0
2353;-131;-169.333;350.667;3;0
2354;-249;-194;351;3;0
2355;-222.667;-198;350.667;3;0
2356;-31;-216;351;3;0
2357;-257;-89;352;3;0
2358;-96;-120;352;3;0
2359;-301;-135;352;3;0
2360;-29;-210;352;3;0
2361;-291;-79;353;3;0
2362;-213;-93;353;3;0
2363;-180.333;-276.667;352.667;3;0
2364;-301;-137;354;3;0
2365;-233;-155;354;3;0
2366;-110;-243;355;3;0
2367;-118;-276;355;3;0
2368;-119.333;-86.3333;356;3;0
2369;-146;-264;356;3;0
2370;-39.3333;-164.333;356.667;3;0
2371;-249;-237;357;3;0
2372;-91;-58;358;3;0
2373;-264.667;-230.667;357.333;3;0
2374;-71.6667;-244.333;357.333;3;0
2375;-17;-249;358;3;0
2376;-80;-259;358;3;0
2377;-32.3333;-290;357.667;3;0
2378;-77.6667;-164.667;358.667;3;0
2379;-34.3333;-51.3333;359.667;3;0
2380;-22;-102;360;3;0
2381;-53;-139;360;3;0
2382;-175;-139;360;3;0
2383;-145;-114;363;3;0
2384;-191;-47;364;3;0
2385;-301;-193;364;3;0
2386;-298;-55;365;3;0
2387;-173;-89;365;3;0
2388;-18;-93;365;3;0
2389;-220;-141;366;3;0
2390;-20.6667;-196.667;365.667;3;0
2391;-225;-218;366;3;0
2392;-21;-242;366;3;0
2393;-300.333;-43.3333;366.667;4;0
2394;-218;-86;368;3;0
2395;-53.3333;-168;368.333;3;0
2396;-28.6667;-149.333;369.333;3;0
2397;-76;-226;370;3;0
2398;-71;-62;371;3;0
2399;-273;-73;371;3;0
2400;-281;-83;371;3;0
2401;-119.333;-158.333;370.333;3;0
2402;-60.6667;-45.3333;371.667;3;0
2403;-281;-130;373;3;0
2404;-233;-57;374;3;0
2405;-161;-174;374;3;0
2406;-21.3333;-195.333;373.667;3;0
2407;-281.667;-125.333;374.667;3;0
2408;-274;-137;375;3;0
2409;-61;-138;375;3;0
2410;-249;-170;375;3;0
2411;-262;-187;375;3;0
2412;-288.667;-203.333;374.667;3;0
2413;-163;-226;376;3;0
2414;-61;-268;376;3;0
2415;-101;-175;377;3;0
2416;-192.75;-265.75;375.75;4;0
2417;-171.333;-33.6667;377.667;3;0
2418;-66;-284.667;377.333;3;0
2419;-283.333;-208.333;378.667;3;0
2420;-256;-158;380;3;0
2421;-93;-41;381;3;0
2422;-63;-44;381;3;0
2423;-148;-57;381;3;0
2424;-64.6667;-37.3333;381.333;3;0
2425;-178;-128;382;3;0
2426;-83;-111;383;3;0
2427;-236.667;-244.667;382.667;3;0
2428;-213;-268;383;3;0
2429;-128;-189;384;3;0
2430;-152;-199;384;3;0
2431;-71;-221;384;3;0
2432;-35;-257;384;3;0
2433;-220.667;-263.333;383.667;3;0
2434;-56;-85;385;3;0
2435;-219;-95;385;3;0
2436;-291.667;-114.667;384.667;3;0
2437;-170;-127;386;3;0
2438;-54;-212;387;3;0
2439;-64.3333;-220.333;386.667;3;0
2440;-282;-222;387;3;0
2441;-238.333;-254.667;387;3;0
2442;-248.333;-36.3333;388;3;0
2443;-153;-212;388;3;0
2444;-129;-220;388;3;0
2445;-101.667;-284.667;387.333;3;0
2446;-24;-92;389;3;0
2447;-295;-109;389;3;0
2448;-187;-164;389;3;0
2449;-51;-201;389;3;0
2450;-294;-220;389;3;0
2451;-217;-183.667;389.333;3;0
2452;-17.3333;-200.333;389.667;3;0
2453;-258;-251;390;3;0
2454;-175.667;-279.667;389.333;3;0
2455;-57.3333;-175.333;390.667;3;0
2456;-132;-218;391;3;0
2457;-265;-244;391;3;0
2458;-26.6667;-247.667;391.333;3;0
2459;-76;-36;393;3;0
2460;-305;-101;393;3;0
2461;-143;-120;393;3;0
2462;-195;-170;393;3;0
2463;-296.333;-62.3333;393.333;3;0
2464;-104;-102;394;3;0
2465;-22;-196;394;3;0
2466;-265;-273;394;3;0
2467;-295;-112;395;3;0
2468;-157;-256;395;3;0
2469;-231;-176;396;3;0
2470;-160;-55;397;3;0
2471;-304.667;-260.333;396.667;3;0
2472;-107;-276;397;3;0
2473;-294;-60.6667;398.667;3;0
2474;-307.667;-263.667;399.333;3;0
2475;-95;-71;401;3;0
2476;-247;-105;401;3;0
2477;-58;-230;401;3;0
2478;-109.667;-276.5;400;4;0
2479;-194.333;-98.3333;401.333;3;0
2480;-263.333;-161.333;401.667;3;0
2481;-174.667;-258.333;401.333;3;0
2482;-108;-57;403;3;0
2483;-20;-97.6667;402.667;3;0
2484;-200;-114;403;3;0
2485;-91.6667;-250.333;402.333;3;0
2486;-181;-287;403;3;0
2487;-73;-165;404;3;0
2488;-90;-216;404;3;0
2489;-90.6667;-254.667;403.333;3;0
2490;-189;-52;405;3;0
2491;-266;-160;405;3;0
2492;-29.3333;-182.333;404.667;3;0
2493;-31;-235;405;3;0
2494;-207;-270;405;3;0
2495;-287;-157;407;3;0
2496;-111;-268;407;3;0
2497;-125;-158;408;3;0
2498;-244;-212;408;3;0
2499;-54;-284;408;3;0
2500;-125;-65;409;3;0
2501;-109;-149;409;3;0
2502;-13;-273;410;3;0
2503;-195;-170;411;3;0
2504;-18;-35;412;3;0
2505;-151;-96;412;3;0
2506;-23.3333;-281.333;412;3;0
2507;-213.333;-180.333;413.333;3;0
2508;-303.667;-152;414.333;3;0
2509;-70;-65.6667;415.667;3;0
2510;-176;-214.667;415.667;3;0
2511;-26;-75;417;3;0
2512;-307;-150;417;3;0
2513;-92;-225.333;416.333;3;0
2514;-116;-260;417;3;0
2515;-234.333;-281.667;416.333;3;0
2516;-246;-73.3333;417.667;3;0
2517;-38;-225;419;3;0
2518;-120;-252;419;3;0
2519;-127.333;-259.333;418.667;3;0
2520;-60;-50;420;3;0
2521;-307.667;-149.667;419.333;3;0
2522;-224;-253;420;3;0
2523;-77.6667;-258.333;419.667;3;0
2524;-47;-274;420;3;0
2525;-237;-248;421;3;0
2526;-247;-235;422;3;0
2527;-159;-112;423;3;0
2528;-119;-213;423;3;0
2529;-121;-218;423;3;0
2530;-189;-286;423;3;0
2531;-214;-129;424;3;0
2532;-132.333;-275.667;423.333;3;0
2533;-134;-122;427;3;0
2534;-229.667;-137.333;427;3;0
2535;-258;-152;427;3;0
2536;-176.667;-158.667;426.333;3;0
2537;-270;-188;427;3;0
2538;-289;-202;427;3;0
2539;-51.3333;-204.667;426.667;3;0
2540;-170.4;-284.2;426.2;5;0
2541;-251;-62;428;3;0
2542;-17;-162;429;3;0
2543;-38.3333;-77.3333;429.667;3;0
2544;-48;-206;430;3;0
2545;-116;-212;430;3;0
2546;-216.667;-39;430.667;3;0
2547;-300;-261;431;3;0
2548;-259;-41;432;3;0
2549;-94;-90;432;3;0
2550;-146;-90;432;3;0
2551;-173;-112;432;3;0
2552;-69;-125;432;3;0
2553;-133;-132;432;3;0
2554;-299;-209;432;3;0
2555;-309;-275;432;3;0
2556;-308;-283;432;3;0
2557;-306.667;-107;432.667;3;0
2558;-92;-142;433;3;0
2559;-305.333;-262.333;433.333;3;0
2560;-227.667;-267.333;433.667;3;0
2561;-63.6667;-173;434.667;3;0
2562;-133;-188;435;3;0
2563;-289.333;-254.667;435;3;0
2564;-10;-274;435;3;0
2565;-310;-280;435;3;0
2566;-112.667;-39.3333;435.333;3;0
2567;-178;-232.333;436.333;3;0
2568;-199.667;-236.667;436.333;3;0
2569;-276;-242;437;3;0
2570;-21;-117;438;3;0
2571;-305;-53;439;3;0
2572;-244;-108;439;3;0
2573;-307.333;-138.667;438.333;3;0
2574;-174;-36;440;3;0
2575;-66.3333;-218.333;439.667;3;0
2576;-287;-69;442;3;0
2577;-270.333;-126.667;441.667;3;0
2578;-265.667;-89.6667;443;3;0
2579;-227;-193;443;3;0
2580;-16;-257.333;442.333;3;0
2581;-257;-233;444;3;0
2582;-138;-282;444;3;0
2583;-192;-199;445;3;0
2584;-276.667;-76.3333;445.333;3;0
2585;-110;-243;446;3;0
2586;-239;-66;447;3;0
2587;-12;-91;447;3;0
2588;-303.667;-125.667;446.333;3;0
2589;-59;-141;447;3;0
2590;-278.333;-189.333;446.333;3;0
2591;-168;-36;448;3;0
2592;-142;-59;448;3;0
2593;-107.333;-85.6667;447.667;3;0
2594;-247;-149;448;3;0
2595;-91;-190.333;447.667;3;0
2596;-133;-129;449;3;0
2597;-238.667;-150.333;448.667;3;0
2598;-67.6667;-243.667;448.333;3;0
2599;-217.333;-169.667;449.667;3;0
2600;-146.333;-220.667;449.333;3;0
2601;-207.667;-225.667;449.667;3;0
2602;-234;-113;451;3;0
2603;-305.333;-124.667;450.667;3;0
2604;-73.3333;-177;450.667;3;0
2605;-93;-203;451;3;0
2606;-156;-274;451;3;0
2607;-148.333;-43.3333;452.667;3;0
2608;-38;-56.3333;452.333;3;0
2609;-181;-71.3333;452.667;3;0
2610;-107;-289;453;3;0
2611;-32;-203;454;3;0
2612;-192;-117;455;3;0
2613;-15;-140;455;3;0
2614;-254;-69;456;3;0
2615;-177;-146;456;3;0
2616;-226;-163;456;3;0
2617;-150.667;-193.333;455.333;3;0
2618;-41;-64;457;3;0
2619;-189;-105;457;3;0
2620;-270.667;-126;456.667;3;0
2621;-311;-262;457;3;0
2622;-48.6667;-59.6667;457.333;3;0
2623;-110;-97;458;3;0
2624;-83;-277;458;3;0
2625;-306.333;-46.3333;458.667;3;0
2626;-264.333;-83.6667;458.667;3;0
2627;-293.667;-66.6667;460.333;3;0
2628;-101;-216;461;3;0
2629;-244;-252.667;460.333;3;0
2630;-117;-51;462;3;0
2631;-133.667;-147.333;461.333;3;0
2632;-292.333;-192.667;461.333;3;0
2633;-59.6667;-269.333;462;3;0
2634;-79;-48;463;3;0
2635;-32.6667;-80.6667;462.667;3;0
2636;-16.3333;-148.333;463.667;3;0
2637;-143;-117;465;3;0
2638;-29;-281;466;3;0
2639;-30;-283;466;3;0
2640;-132;-225;467;3;0
2641;-301;-283;467;3;0
2642;-299;-112;468;3;0
2643;-95.3333;-158.333;467.667;3;0
2644;-36.3333;-165.333;468;3;0
2645;-194;-279;468;3;0
2646;-114;-41;469;3;0
2647;-67.6667;-103.333;468.333;3;0
2648;-60;-157;471;3;0
2649;-260.333;-199.667;471;3;0
2650;-21;-273;471;3;0
2651;-25;-45;472;3;0
2652;-15;-231;472;3;0
2653;-119;-120;473;3;0
2654;-239;-145;473;3;0
2655;-111;-173;473;3;0
2656;-226;-229.333;472.667;3;0
2657;-306.667;-238.667;472.333;3;0
2658;-195.667;-257.667;472.333;3;0
2659;-188.667;-264.333;472.667;3;0
2660;-167;-267;473;3;0
2661;-109.667;-34.3333;473.667;3;0
2662;-81;-264;474;3;0
2663;-258.667;-166.333;474.333;3;0
2664;-233;-44;476;3;0
2665;-197;-166;476;3;0
2666;-151;-185;477;3;0
2667;-25;-194;477;3;0
2668;-226.667;-278.667;476.333;3;0
2669;-206;-62;478;3;0
2670;-75;-88;478;3;0
2671;-20.6667;-105.667;477.667;3;0
2672;-310.333;-118.333;477.333;3;0
2673;-191.333;-155.333;477.667;3;0
2674;-283.667;-32;478.667;3;0
2675;-66.6667;-216.333;478.333;3;0
2676;-255;-282;480;3;0
2677;-219;-107;481;3;0
2678;-299;-267;481;3;0
2679;-154;-272;481;3;0
2680;-140;-67;482;3;0
2681;-258;-103;482;3;0
2682;-252;-256;482;3;0
2683;-79;-165;483;3;0
2684;-232;-250;483;3;0
2685;-12;-273;483;3;0
2686;-134.333;-276.333;482.667;3;0
2687;-221.667;-278.333;482.333;3;0
2688;-220;-104;484;3;0
2689;-103;-144;484;3;0
2690;-105;-203;484;3;0
2691;-132;-226;484;3;0
2692;-173.333;-90.6667;484.333;3;0
2693;-200.333;-260.333;484.333;3;0
2694;-257.667;-32;486.333;3;0
2695;-18;-116;487;3;0
2696;-253;-275;487;3;0
2697;-172;-74;488;3;0
2698;-225.667;-210.333;488;3;0
2699;-162.333;-206.667;488.667;3;0
2700;-93;-224;490;3;0
2701;-263;-232;490;3;0
2702;-190.5;-55.5;490.5;4;0
2703;-86;-84;491;3;0
2704;-300;-216;492;3;0
2705;-88.6667;-84.6667;492.667;3;0
2706;-280.667;-140.333;493;3;0
2707;-28;-252;493;3;0
2708;-25;-253;492;4;0
2709;-224.333;-77;493.667;3;0
2710;-87.6667;-81.6667;493.333;3;0
2711;-155;-162;494;3;0
2712;-138;-133;495;3;0
2713;-213.667;-205;494.333;3;0
2714;-42.6667;-59.3333;495.333;3;0
2715;-244;-71;496;3;0
2716;-68.6667;-209.333;495.667;3;0
2717;-166.333;-245.667;495.333;3;0
2718;-25.3333;-254.333;495.333;3;0
2719;-186;-138;497;3;0
2720;-263;-143;497;3;0
2721;-92;-239.667;496.333;3;0
2722;-150;-88;498;3;0
2723;-123;-267.667;497.333;3;0
2724;-182.333;-132.333;498.667;3;0
2725;-104.8;-45.8;499.2;4;0
2726;-109.667;-71.3333;499.667;3;0
2727;-17;-152;500;3;0
2728;-215;-203.667;499.667;3;0
2729;-282;-257;501;3;0
2730;-121.667;-268.333;500.333;3;0
2731;-163;-286;501;3;0
2732;-87.6667;-140.667;501.333;3;0
2733;-32;-285;502;3;0
2734;-113;-45;503;3;0
2735;-49;-135;503;3;0
2736;-266;-255;503;3;0
2737;-103;-36;505;3;0
2738;-129;-47;505;3;0
2739;-288;-91;505;3;0
2740;-269;-95;505;3;0
2741;-255;-109;505;3;0
2742;-285;-37;506;3;0
2743;-243;-190;506;3;0
2744;-116;-214;506;3;0
2745;-45;-239;506;3;0
2746;-266;-80;507;3;0
2747;-210;-186;507;3;0
2748;-207;-191;507;3;0
2749;-124;-104;508;3;0
2750;-15.3333;-109.333;507.667;3;0
2751;-173;-118;508;3;0
2752;-294.667;-270.333;508;3;0
2753;-131;-181;509;3;0
2754;-297;-54;510;3;0
2755;-131.333;-48.6667;510.667;3;0
2756;-146;-197;511;3;0
2757;-256;-237;511;3;0
2758;-179;-250;511;3;0
2759;-273.333;-259.667;510.333;3;0
2760;-303.333;-283.667;510.667;3;0
2761;-138;-45;512;3;0
2762;-123;-95;512;3;0
2763;-186;-34;513;3;0
2764;-205;-105;513;3;0
2765;-63;-51;515;3;0
2766;-199;-65;516;3;0
2767;-203.333;-151.333;516;3;0
2768;-224;-154;516;3;0
2769;-236;-164;516;3;0
2770;-15;-214;516;3;0
2771;-76;-175;517;3;0
2772;-144;-253;517;3;0
2773;-47;-174;518;3;0
2774;-45.6667;-216.333;517.667;3;0
2775;-264;-50;519;3;0
2776;-278;-142;519;3;0
2777;-260;-202;520;3;0
2778;-36;-55.6667;520.667;3;0
2779;-202;-163;521;3;0
2780;-179.333;-245.667;520.667;3;0
2781;-222;-208;522;3;0
2782;-221;-215;522;3;0
2783;-180;-278;523;3;0
2784;-223;-283;523;3;0
2785;-43.6667;-125.667;524.667;3;0
2786;-167.667;-33;525.333;3;0
2787;-199;-36;526;3;0
2788;-34;-95;526;3;0
2789;-152;-209;526;3;0
2790;-47;-110;527;3;0
2791;-304;-172;527;3;0
2792;-237.667;-126;527.333;3;0
2793;-131;-55;529;3;0
2794;-83;-67;529;3;0
2795;-49;-119;529;3;0
2796;-133;-169;529;3;0
2797;-186;-272.667;528.667;3;0
2798;-81.6667;-284;529.667;3;0
2799;-282;-154;531;3;0
2800;-22;-179;531;3;0
2801;-153.333;-213.333;530.333;3;0
2802;-255;-41.6667;531.333;3;0
2803;-306.333;-248.667;531.667;3;0
2804;-209;-40;533;3;0
2805;-127.333;-110.333;532.667;3;0
2806;-289.333;-137.667;532.333;3;0
2807;-61.6667;-176.333;532.333;3;0
2808;-201;-253;533;3;0
2809;-181.667;-38.3333;533.667;3;0
2810;-149.333;-155.667;533.333;3;0
2811;-308;-190;534;3;0
2812;-13.6667;-276.333;533.667;3;0
2813;-45;-281;534;3;0
2814;-70.6667;-127;534.333;3;0
2815;-22.3333;-142;534.667;3;0
2816;-101.333;-203.333;534.667;3;0
2817;-186;-81;536;3;0
2818;-207.333;-118.333;535.667;3;0
2819;-63;-125;536;3;0
2820;-270;-214;536;3;0
2821;-233.333;-250;535.333;3;0
2822;-259.333;-146.333;536.667;3;0
2823;-260;-175;537;3;0
2824;-213.5;-64;537.5;4;0
2825;-116.667;-155.667;537.333;3;0
2826;-67;-214;538;3;0
2827;-152;-284;538;3;0
2828;-158;-145;539;3;0
2829;-283.667;-121.333;539.667;3;0
2830;-298;-258.333;539.667;3;0
2831;-281;-282;540;3;0
2832;-58.6667;-286;539.333;3;0
2833;-106.667;-116.333;541.333;3;0
2834;-287.6;-124;541;5;0
2835;-278;-125;542;3;0
2836;-72;-248;542;3;0
2837;-98.3333;-273.333;541.333;3;0
2838;-32;-265;543;3;0
2839;-238.333;-97.3333;543.667;3;0
2840;-83;-244;544;3;0
2841;-284;-280;544;3;0
2842;-29;-59;545;3;0
2843;-304.667;-131;544.667;3;0
2844;-24;-43;547;3;0
2845;-42.3333;-150.333;547;3;0
2846;-95;-63;548;3;0
2847;-95;-192;548;3;0
2848;-294.667;-207;547.333;3;0
2849;-293;-137;549;3;0
2850;-146.667;-204;548.667;3;0
2851;-241.667;-37;549.333;3;0
2852;-90.6667;-53.3333;550;3;0
2853;-28.6667;-56.6667;549.333;3;0
2854;-257;-192;551;3;0
2855;-18;-208;551;3;0
2856;-271.667;-227.333;550.333;3;0
2857;-136.333;-276.667;550.667;3;0
2858;-151.667;-89.3333;551.667;3;0
2859;-62;-289;553;3;0
2860;-128;-66;554;3;0
2861;-275;-128;554;3;0
2862;-209;-274;554;3;0
2863;-258.667;-286;553.333;3;0
2864;-66.3333;-182.667;554.667;3;0
2865;-166;-77;556;3;0
2866;-296.667;-112.667;555.667;3;0
2867;-66;-185;557;3;0
2868;-180;-185;557;3;0
2869;-291;-283;556;4;0
2870;-187.667;-109.667;557.333;3;0
2871;-156;-116;558;3;0
2872;-228;-125;558;3;0
2873;-304;-126;558;3;0
2874;-152;-227;558;3;0
2875;-94;-249;558;3;0
2876;-291;-284;559;3;0
2877;-129;-74;560;3;0
2878;-10.6667;-144.333;559.667;3;0
2879;-101;-177;560;3;0
2880;-58;-227;560;3;0
2881;-40;-255;560;3;0
2882;-227;-238;561;3;0
2883;-128;-72;562;3;0
2884;-157;-172;562;3;0
2885;-181;-181;562;3;0
2886;-297;-82;563;3;0
2887;-284.667;-249.667;562.333;3;0
2888;-133;-264;563;3;0
2889;-16.6667;-79.6667;563.333;3;0
2890;-212;-128;564;3;0
2891;-143;-148;564;3;0
2892;-14.3333;-212.333;563.667;3;0
2893;-127.333;-71.6667;564.667;3;0
2894;-16.25;-84;563.75;4;0
2895;-147.667;-124.333;564.333;3;0
2896;-152;-238;565;3;0
2897;-189;-232.333;565.333;3;0
2898;-195;-249;566;3;0
2899;-255;-53;567;3;0
2900;-126;-65;567;3;0
2901;-239;-248.333;566.333;3;0
2902;-292;-43;568;3;0
2903;-301;-64;568;3;0
2904;-276;-134;568;3;0
2905;-78;-157;568;3;0
2906;-187;-181;568;3;0
2907;-227;-232.667;567.667;3;0
2908;-98;-283;568;3;0
2909;-136;-287;568;3;0
2910;-303;-42;569;3;0
2911;-33;-50;569;3;0
2912;-199.333;-104;569.333;3;0
2913;-253;-141;570;3;0
2914;-282;-46;571;3;0
2915;-261;-51;571;3;0
2916;-125;-74;571;3;0
2917;-51;-235;571;3;0
2918;-44;-125.667;571.667;3;0
2919;-123.667;-63.6667;572.667;3;0
2920;-54;-79;573;3;0
2921;-111;-105.333;572.333;3;0
2922;-207.667;-126.333;572.667;3;0
2923;-292;-141;573;3;0
2924;-142;-169;573;3;0
2925;-19;-239;573;3;0
2926;-165;-65.3333;573.333;3;0
2927;-291;-90;574;3;0
2928;-307;-99;574;3;0
2929;-248;-147;574;3;0
2930;-292;-254;574;3;0
2931;-33;-267;574;3;0
2932;-100.333;-287;573.667;3;0
2933;-230.333;-36.6667;575.667;3;0
2934;-26.6667;-39.6667;575.333;3;0
2935;-135;-147;576;3;0
2936;-55;-184;576;3;0
2937;-139.667;-230;575.333;3;0
2938;-203.333;-252.333;575.333;3;0
2939;-270;-101;577;3;0
2940;-294;-138;577;3;0
2941;-219.333;-186.333;576.667;3;0
2942;-259.333;-225;576.667;3;0
2943;-213;-247;577;3;0
2944;-114.667;-52.3333;577.667;3;0
2945;-124.667;-60.3333;577.333;3;0
2946;-79.6667;-104.667;577.333;3;0
2947;-126;-262;578;3;0
2948;-200;-60;579;3;0
2949;-290.667;-134.333;579;3;0
2950;-296;-135;579;3;0
2951;-172;-198;579;3;0
2952;-233;-208;579;3;0
2953;-297.333;-260.333;579;3;0
2954;-163;-61;580;3;0
2955;-155;-111;580;3;0
2956;-207.667;-186.333;580;3;0
2957;-90;-242;580;3;0
2958;-225;-103;581;3;0
2959;-201;-259;581;3;0
2960;-29;-276.333;580.333;3;0
2961;-235.333;-93.3333;582;3;0
2962;-295;-151;582;3;0
2963;-173;-160;582;3;0
2964;-158.333;-252;581.667;3;0
2965;-251;-283;582;3;0
2966;-261;-88;583;3;0
2967;-234.667;-159.333;582.667;3;0
2968;-298;-245;583;3;0
2969;-248;-284;586;3;0
